time,pressure,flow
0.0,-9.5005277778895,-39.85392971349081
0.0078125,-9.638242272664588,-24.909892818872738
0.015625,-1.7922909188480403,-4.127401428264683
0.0234375,0.06965278635235594,-13.138177101893925
0.03125,-3.4034174572976528,-23.06740373948937
0.0390625,-3.573323549682426,-17.434024096483668
0.046875,-0.6130286031219221,-8.009193063504519
0.0546875,1.702662995150436,-5.785919420495869
0.0625,-0.43111256153532296,-18.734813571493582
0.0703125,-3.1975286813309367,-18.133704838266066
0.078125,4.521480786874772,19.992635134738194
0.0859375,14.332507798227587,33.5946652366627
0.09375,6.385691168042565,-13.352925226676739
0.1015625,-7.4918205230422235,-36.78784488443729
0.109375,-3.8772724519102573,-1.4484123430985907
0.1171875,5.89823981303877,15.40479717368902
0.125,4.904790576297197,0.7080026107627182
0.1328125,3.188206967222267,5.92313940955769
0.140625,5.918454890262609,14.120723377969618
0.1484375,4.381567085109247,3.625221514817299
0.15625,2.4676456721016176,5.874890744562165
0.1640625,4.316320326476953,11.676766022798859
0.171875,1.2013995858265822,-7.075840579104016
0.1796875,-4.694793927838356,-18.147953844121933
0.1875,-3.9613630326469744,-8.27819893026431
0.1953125,-3.285409049165813,-15.932723544191887
0.203125,-7.623056583259087,-29.89083221176839
0.2109375,-5.716013039161674,-9.964485656589197
0.21875,3.987266254642546,18.251530659243613
0.2265625,8.2063182960771,16.204105444207904
0.234375,4.736962465473026,3.616927177529555
0.2421875,2.5789551953887138,4.751424531306706
0.25,3.1057542873814805,7.342773499753333
0.2578125,2.1542550337305415,2.3785757296184595
0.265625,0.6787654551721862,0.5244436266752164
0.2734375,0.6373464107635292,1.4063870355733163
0.28125,-0.836029977111037,-6.926646402798566
0.2890625,-3.7022507742880153,-12.77796452160621
0.296875,-1.5193522630547411,2.8290892222433417
0.3046875,4.093384516253888,15.092227162892877
0.3125,2.6981414231198224,-1.245836452600125
0.3203125,-1.9801056060418467,-6.962001807646098
0.328125,2.8224973214424534,21.13196382504199
0.3359375,9.346431091564483,28.226076529378606
0.34375,3.733191492948135,-1.6443223992574678
0.3515625,-3.310522300067824,-8.277883661329987
0.359375,0.10488929810601655,12.076999637203155
0.3671875,3.1230839108031057,9.873709461229652
0.375,-0.32126359880568156,-2.525892944902779
0.3828125,-0.6108837031845673,6.141316075520411
0.390625,3.089010283714387,16.910350292585786
0.3984375,4.962200452062042,19.740236732550223
0.40625,5.8447184066672015,22.38320088374957
0.4140625,3.7709818132215362,9.857778176722366
0.421875,-2.842023949045922,-9.718568675004082
0.4296875,-5.379854339274589,-5.629749886261191
0.4375,-1.8897641591813006,5.532558664470493
0.4453125,-0.6495110183019114,2.833748205018834
0.453125,-0.04343416328703187,8.781594711815163
0.4609375,2.9762453514441978,15.815134716371153
0.46875,0.11345448839264272,-4.2896759403936775
0.4765625,-6.135252886898123,-15.232334766417344
0.484375,-2.0785321616577628,12.510725361694677
0.4921875,5.995526026631662,25.962419288004703
0.5,2.416275059367583,-1.6373688854504316
0.5078125,-6.395631160235726,-20.992929678028087
0.515625,-7.471078122199835,-12.543392970729402
0.5234375,-3.3582002761775422,-0.03447323082873632
0.53125,1.9483260452346043,16.571216262815042
0.5390625,8.006409076585301,31.077710550147792
0.546875,7.018713340380133,13.631620208843843
0.5546875,-2.7306845054324507,-16.45953391998043
0.5625,-6.625301857753142,-9.034370828757634
0.5703125,0.4921367072379623,17.082780073045033
0.578125,3.9580041248385416,11.753267803574799
0.5859375,-0.5697294061451574,-3.243978070948634
0.59375,-0.3047995671758743,10.513244183444424
0.6015625,4.379101824193651,19.87967494686948
0.609375,1.518397216798982,-0.13315591528967818
0.6171875,-3.5667073895260097,-6.206229050405441
0.625,-1.1219271494922025,7.693475164505868
0.6328125,-1.1678554612306946,-6.431704751669849
0.640625,-8.398274751871707,-28.179660479071355
0.6484375,-7.858219453963519,-9.616658978152238
0.65625,-0.4582382725307961,5.317640348881363
0.6640625,-2.795804127541054,-18.5148147749377
0.671875,-7.256860816070442,-18.442915692963552
0.6796875,1.22729086305077,19.4963082234043
0.6875,8.550054320964204,21.53214114961354
0.6953125,1.3282962453495122,-12.298106659665855
0.703125,-5.542044782348057,-16.718384111602994
0.7109375,-1.6053678038030217,4.606589579352446
0.71875,3.67023057963401,13.432485888178151
0.7265625,4.378138331882091,10.627072444557093
0.734375,2.960854794128773,6.765399164849075
0.7421875,2.4730069282533473,10.066527074531255
0.75,4.860177458646227,19.590266099638093
0.7578125,4.015805848918069,6.337490606397585
0.765625,-4.8834405058678385,-24.26612409670326
0.7734375,-9.582293040839723,-20.930194355122154
0.78125,-2.5744751312350056,7.078713936241105
0.7890625,3.183848317721268,11.31480759678512
0.796875,2.6275991415900175,7.150230738327098
0.8046875,3.198102387399543,11.80641043838956
0.8125,1.4106809748754177,-1.2268781706894387
0.8203125,-3.833144835204524,-12.667024586245413
0.828125,-1.5377531172969738,7.546022258131341
0.8359375,4.694681211193316,19.261385993513876
0.84375,3.6416784119019314,7.418098961392268
0.8515625,1.82526384580735,9.604970115995604
0.859375,2.645916407813754,9.378761531101846
0.8671875,-2.3188064918624516,-12.927182874729665
0.875,-6.476507436906314,-13.173840926797983
0.8828125,-1.9372187521964572,5.08030635570203
0.890625,-0.5963112378165403,-4.8673649054413595
0.8984375,-4.787581554164192,-15.338486497309653
0.90625,-2.9031434499048423,-0.5527871437062721
0.9140625,0.14000042338334628,-0.1740101181378808
0.921875,-1.8419807911070043,-7.774996512956529
0.9296875,-0.2738982335322042,4.283882308471604
0.9375,1.1164546079059832,-2.19932862293756
0.9453125,-4.899842935861683,-23.035079947115882
0.953125,-4.087463207522845,-1.1051171406738014
0.9609375,5.659664751212885,23.42728834676558
0.96875,3.7775030874598143,-5.288424994626564
0.9765625,-6.144472518477418,-26.799560676355284
0.984375,-5.622909572253744,-10.626988109067227
0.9921875,-3.544663014570065,-17.67630408160308
1.0,-9.500527777889438,-39.853929713490714
1.0078125,-9.638242272664616,-24.909892818872947
1.015625,-1.792290918848157,-4.1274014282649585
1.0234375,0.06965278635240035,-13.138177101893636
1.03125,-3.403417457297634,-23.06740373948941
1.0390625,-3.5733235496824536,-17.434024096484006
1.046875,-0.6130286031219754,-8.009193063504647
1.0546875,1.7026629951504093,-5.785919420495799
1.0625,-0.4311125615352591,-18.734813571493433
1.0703125,-3.1975286813309154,-18.133704838265995
1.078125,4.52148078687475,19.992635134738123
1.0859375,14.332507798227574,33.59466523666289
1.09375,6.385691168042644,-13.352925226676302
1.1015625,-7.491820523042175,-36.78784488443735
1.109375,-3.8772724519102697,-1.4484123430989726
1.1171875,5.898239813038686,15.404797173688959
1.125,4.904790576297181,0.708002610762783
1.1328125,3.1882069672222686,5.9231394095575
1.140625,5.918454890262552,14.120723377969163
1.1484375,4.381567085109223,3.6252215148174214
1.15625,2.4676456721017264,5.874890744562321
1.1640625,4.316320326476966,11.676766022798638
1.171875,1.2013995858264628,-7.0758405791039936
1.1796875,-4.694793927838403,-18.147953844121943
1.1875,-3.9613630326469114,-8.278198930264276
1.1953125,-3.285409049165803,-15.932723544191639
1.203125,-7.623056583258973,-29.89083221176832
1.2109375,-5.716013039161698,-9.964485656589554
1.21875,3.987266254642479,18.251530659243755
1.2265625,8.206318296077091,16.204105444208416
1.234375,4.736962465473136,3.616927177529498
1.2421875,2.5789551953887124,4.7514245313065935
1.25,3.1057542873814508,7.342773499753526
1.2578125,2.1542550337305277,2.378575729618209
1.265625,0.6787654551721305,0.5244436266747963
1.2734375,0.6373464107634503,1.4063870355732622
1.28125,-0.8360299771109747,-6.9266464027981645
1.2890625,-3.7022507742879562,-12.777964521606316
1.296875,-1.5193522630547542,2.8290892222432467
1.3046875,4.093384516253849,15.092227162892739
1.3125,2.698141423119773,-1.2458364526003622
1.3203125,-1.980105606041917,-6.962001807646302
1.328125,2.8224973214424245,21.131963825041776
1.3359375,9.346431091564478,28.226076529378414
1.34375,3.733191492948179,-1.644322399257387
1.3515625,-3.310522300067883,-8.277883661330009
1.359375,0.10488929810602299,12.076999637203151
1.3671875,3.1230839108031248,9.873709461229604
1.375,-0.32126359880552857,-2.525892944901937
1.3828125,-0.6108837031846912,6.141316075520045
1.390625,3.0890102837143174,16.910350292585523
1.3984375,4.962200452061985,19.740236732550205
1.40625,5.8447184066670985,22.383200883749446
1.4140625,3.7709818132215673,9.8577781767227
1.421875,-2.8420239490459873,-9.718568675004338
1.4296875,-5.379854339274543,-5.629749886261347
1.4375,-1.889764159181287,5.532558664470301
1.4453125,-0.64951101830193,2.833748205019339
1.453125,-0.043434163287058736,8.781594711814927
1.4609375,2.976245351444333,15.815134716371041
1.46875,0.11345448839261163,-4.289675940393508
1.4765625,-6.135252886898187,-15.232334766417154
1.484375,-2.0785321616577153,12.510725361694275
1.4921875,5.995526026631801,25.962419288004906
1.5,2.4162750593676305,-1.6373688854496047
1.5078125,-6.395631160235742,-20.992929678027938
1.515625,-7.4710781221998035,-12.543392970729872
1.5234375,-3.358200276177488,-0.03447323082853693
1.53125,1.948326045234603,16.57121626281555
1.5390625,8.006409076585323,31.077710550148005
1.546875,7.018713340380283,13.631620208843914
1.5546875,-2.730684505432338,-16.4595339199799
1.5625,-6.625301857753286,-9.034370828757826
1.5703125,0.4921367072377718,17.082780073044777
1.578125,3.9580041248386415,11.753267803574913
1.5859375,-0.5697294061450711,-3.243978070948371
1.59375,-0.3047995671758561,10.51324418344444
1.6015625,4.37910182419375,19.879674946869645
1.609375,1.5183972167989739,-0.13315591528969417
1.6171875,-3.566707389526158,-6.206229050405904
1.625,-1.1219271494922842,7.6934751645055455
1.6328125,-1.1678554612305028,-6.431704751669157
1.640625,-8.398274751871584,-28.179660479071032
1.6484375,-7.8582194539635655,-9.616658978152557
1.65625,-0.45823827253092686,5.317640348880893
1.6640625,-2.795804127541006,-18.514814774937715
1.671875,-7.256860816070413,-18.442915692963382
1.6796875,1.2272908630508108,19.496308223404437
1.6875,8.550054320964206,21.532141149613842
1.6953125,1.3282962453495029,-12.298106659665518
1.703125,-5.542044782348046,-16.71838411160298
1.7109375,-1.6053678038030545,4.60658957935225
1.71875,3.670230579633971,13.432485888178118
1.7265625,4.378138331882072,10.6270724445573
1.734375,2.960854794129001,6.765399164849548
1.7421875,2.473006928253395,10.066527074530853
1.75,4.860177458646014,19.590266099637752
1.7578125,4.015805848918009,6.33749060639813
1.765625,-4.883440505867723,-24.26612409670267
1.7734375,-9.582293040839723,-20.930194355122826
1.78125,-2.5744751312350327,7.078713936240845
1.7890625,3.1838483177212806,11.314807596785233
1.796875,2.6275991415901157,7.150230738327245
1.8046875,3.198102387399567,11.80641043838927
1.8125,1.4106809748754867,-1.226878170689138
1.8203125,-3.8331448352045334,-12.66702458624561
1.828125,-1.5377531172969263,7.546022258131463
1.8359375,4.69468121119337,19.261385993514512
1.84375,3.641678411901843,7.418098961391815
1.8515625,1.8252638458074417,9.604970115995034
1.859375,2.645916407813746,9.378761531101976
1.8671875,-2.3188064918625155,-12.927182874729287
1.875,-6.47650743690616,-13.173840926798182
1.8828125,-1.9372187521963364,5.080306355701772
1.890625,-0.5963112378166819,-4.867364905440955
1.8984375,-4.787581554164306,-15.338486497309548
1.90625,-2.9031434499047464,-0.5527871437063672
1.9140625,0.14000042338338803,-0.17401011813760547
1.921875,-1.8419807911070865,-7.774996512956507
1.9296875,-0.2738982335323459,4.2838823084710995
1.9375,1.1164546079058968,-2.1993286229376827
1.9453125,-4.8998429358615345,-23.03507994711579
1.953125,-4.087463207522758,-1.1051171406739453
1.9609375,5.659664751212775,23.427288346765376
1.96875,3.7775030874596465,-5.288424994626379
1.9765625,-6.144472518477469,-26.799560676355593
1.984375,-5.62290957225369,-10.626988109067394
1.9921875,-3.5446630145700064,-17.67630408160259
2.0,-9.500527777889548,-39.85392971349098
2.0078125,-9.63824227266477,-24.90989281887338
2.015625,-1.7922909188480882,-4.127401428264608
2.0234375,0.06965278635243144,-13.138177101893556
2.03125,-3.4034174572975897,-23.06740373948933
2.0390625,-3.573323549682541,-17.434024096484336
2.046875,-0.6130286031220753,-8.009193063504519
2.0546875,1.7026629951504182,-5.785919420495958
2.0625,-0.4311125615353,-18.734813571493248
2.0703125,-3.1975286813309487,-18.133704838266134
2.078125,4.5214807868747595,19.992635134738027
2.0859375,14.332507798227649,33.594665236662784
2.09375,6.385691168042731,-13.352925226675886
2.1015625,-7.491820523042311,-36.78784488443755
2.109375,-3.8772724519105264,-1.4484123430992106
2.1171875,5.898239813038682,15.404797173688651
2.125,4.904790576297412,0.7080026107626871
2.1328125,3.188206967222104,5.923139409557377
2.140625,5.918454890262579,14.120723377970267
2.1484375,4.381567085109433,3.6252215148172593
2.15625,2.467645672101702,5.874890744562353
2.1640625,4.316320326476879,11.676766022799143
2.171875,1.2013995858266293,-7.075840579103939
2.1796875,-4.694793927838398,-18.147953844122647
2.1875,-3.9613630326470024,-8.278198930263887
2.1953125,-3.2854090491656827,-15.93272354419091
2.203125,-7.623056583259182,-29.890832211768792
2.2109375,-5.716013039161814,-9.964485656590044
2.21875,3.9872662546425417,18.25153065924364
2.2265625,8.20631829607705,16.204105444207805
2.234375,4.736962465473252,3.61692717752992
2.2421875,2.578955195388655,4.751424531306425
2.25,3.105754287381502,7.342773499753937
2.2578125,2.154255033730572,2.378575729618582
2.265625,0.6787654551721155,0.5244436266747661
2.2734375,0.6373464107634395,1.4063870355730033
2.28125,-0.8360299771110052,-6.926646402798556
2.2890625,-3.7022507742880437,-12.777964521606144
2.296875,-1.5193522630546923,2.8290892222434225
2.3046875,4.093384516253785,15.09222716289209
2.3125,2.6981414231197536,-1.2458364526002241
2.3203125,-1.9801056060418234,-6.962001807645869
2.328125,2.822497321442384,21.131963825041613
2.3359375,9.346431091564384,28.226076529378638
2.34375,3.7331914929482233,-1.6443223992567946
2.3515625,-3.310522300067911,-8.27788366133002
2.359375,0.10488929810605296,12.076999637203096
2.3671875,3.1230839108032993,9.873709461229888
2.375,-0.3212635988055861,-2.5258929449028056
2.3828125,-0.6108837031847165,6.141316075519757
2.390625,3.0890102837142273,16.910350292585147
2.3984375,4.962200452062068,19.740236732550322
2.40625,5.844718406667155,22.383200883749875
2.4140625,3.770981813221616,9.857778176722649
2.421875,-2.842023949045553,-9.718568675003747
2.4296875,-5.379854339274604,-5.629749886261163
2.4375,-1.8897641591815921,5.532558664470653
2.4453125,-0.6495110183015824,2.8337482050205285
2.453125,-0.04343416328680583,8.781594711815357
2.4609375,2.9762453514441307,15.81513471637101
2.46875,0.11345448839249439,-4.289675940393295
2.4765625,-6.135252886898168,-15.232334766418086
2.484375,-2.078532161657856,12.510725361694043
2.4921875,5.995526026631544,25.96241928800484
2.5,2.416275059367612,-1.6373688854499377
2.5078125,-6.395631160235587,-20.99292967802815
2.515625,-7.4710781221997715,-12.543392970729634
2.5234375,-3.3582002761776306,-0.03447323082912668
2.53125,1.9483260452347024,16.571216262815447
2.5390625,8.006409076585438,31.077710550148357
2.546875,7.018713340380038,13.631620208843897
2.5546875,-2.7306845054323636,-16.459533919979965
2.5625,-6.625301857752984,-9.034370828756963
2.5703125,0.4921367072378411,17.082780073044677
2.578125,3.958004124838528,11.753267803574587
2.5859375,-0.5697294061450533,-3.243978070948744
2.59375,-0.3047995671757051,10.513244183444922
2.6015625,4.379101824193727,19.87967494686989
2.609375,1.518397216799088,-0.13315591528950588
2.6171875,-3.566707389526215,-6.206229050406343
2.625,-1.1219271494920557,7.693475164506218
2.6328125,-1.1678554612303857,-6.431704751668676
2.640625,-8.39827475187153,-28.179660479070762
2.6484375,-7.858219453963715,-9.61665897815301
2.65625,-0.45823827253105165,5.317640348880582
2.6640625,-2.7958041275409005,-18.51481477493771
2.671875,-7.256860816070377,-18.442915692963552
2.6796875,1.2272908630506358,19.496308223404235
2.6875,8.550054320964325,21.532141149614475
2.6953125,1.3282962453496765,-12.298106659665677
2.703125,-5.542044782348054,-16.71838411160377
2.7109375,-1.6053678038028805,4.606589579353253
2.71875,3.6702305796341332,13.432485888178906
2.7265625,4.378138331882037,10.627072444556578
2.734375,2.960854794128818,6.765399164849114
2.7421875,2.473006928253331,10.066527074530953
2.75,4.8601774586459845,19.590266099637756
2.7578125,4.015805848917981,6.337490606397775
2.765625,-4.8834405058673305,-24.266124096701944
2.7734375,-9.582293040839632,-20.930194355121937
2.78125,-2.574475131235187,7.078713936240465
2.7890625,3.1838483177211443,11.314807596784291
2.796875,2.627599141590115,7.150230738327501
2.8046875,3.1981023873996572,11.806410438389884
2.8125,1.410680974875525,-1.2268781706892486
2.8203125,-3.8331448352045214,-12.667024586245962
2.828125,-1.5377531172971552,7.546022258131
2.8359375,4.694681211193347,19.261385993514228
2.84375,3.64167841190205,7.418098961391443
2.8515625,1.8252638458069743,9.60497011599409
2.859375,2.6459164078135595,9.378761531102253
2.8671875,-2.318806491862213,-12.92718287472879
2.875,-6.4765074369062,-13.173840926798775
2.8828125,-1.937218752196574,5.080306355701678
2.890625,-0.5963112378164874,-4.867364905439857
2.8984375,-4.787581554164193,-15.338486497309836
2.90625,-2.903143449904829,-0.5527871437069516
2.9140625,0.14000042338342333,-0.1740101181362501
2.921875,-1.8419807911070651,-7.774996512955996
2.9296875,-0.27389823353255904,4.283882308470375
2.9375,1.1164546079059012,-2.1993286229384177
2.9453125,-4.899842935861508,-23.03507994711554
2.953125,-4.087463207522859,-1.1051171406743467
2.9609375,5.6596647512124765,23.427288346764804
2.96875,3.7775030874598707,-5.288424994626191
2.9765625,-6.144472518477404,-26.799560676355636
2.984375,-5.622909572253839,-10.626988109067796
2.9921875,-3.544663014569923,-17.676304081602087
3.0,-9.50052777788926,-39.853929713490494
3.0078125,-9.638242272664959,-24.909892818873487
3.015625,-1.792290918848283,-4.127401428265037
3.0234375,0.0696527863526053,-13.138177101893547
3.03125,-3.40341745729753,-23.067403739489368
3.0390625,-3.573323549682537,-17.434024096483533
3.046875,-0.613028603122407,-8.009193063505936
3.0546875,1.7026629951502201,-5.785919420496654
3.0625,-0.4311125615351703,-18.7348135714932
3.0703125,-3.1975286813306987,-18.133704838265736
3.078125,4.521480786874342,19.9926351347369
3.0859375,14.332507798227336,33.59466523666232
3.09375,6.3856911680429445,-13.352925226675568
3.1015625,-7.491820523041829,-36.78784488443702
3.109375,-3.877272451910737,-1.4484123430996094
3.1171875,5.8982398130384786,15.40479717368893
3.125,4.904790576297334,0.7080026107624864
3.1328125,3.188206967222565,5.923139409557956
3.140625,5.918454890262458,14.12072337797012
3.1484375,4.381567085109213,3.6252215148176736
3.15625,2.4676456721016775,5.87489074456191
3.1640625,4.316320326477066,11.676766022798745
3.171875,1.2013995858265765,-7.075840579103636
3.1796875,-4.694793927838514,-18.147953844122174
3.1875,-3.9613630326471143,-8.2781989302647
3.1953125,-3.2854090491655965,-15.932723544191287
3.203125,-7.623056583259242,-29.89083221176878
3.2109375,-5.716013039161902,-9.964485656589996
3.21875,3.987266254642388,18.251530659243215
3.2265625,8.206318296077127,16.204105444208256
3.234375,4.736962465472943,3.616927177529681
3.2421875,2.578955195388791,4.751424531306924
3.25,3.1057542873816066,7.342773499753122
3.2578125,2.1542550337306072,2.378575729618861
3.265625,0.6787654551719686,0.5244436266752457
3.2734375,0.6373464107635975,1.4063870355732284
3.28125,-0.8360299771109997,-6.926646402799253
3.2890625,-3.702250774288112,-12.77796452160588
3.296875,-1.5193522630548808,2.82908922224352
3.3046875,4.093384516253949,15.092227162892826
3.3125,2.6981414231197256,-1.2458364526007926
3.3203125,-1.9801056060420876,-6.962001807646409
3.328125,2.822497321442351,21.13196382504185
3.3359375,9.346431091564657,28.226076529378815
3.34375,3.733191492948108,-1.644322399257895
3.3515625,-3.310522300067909,-8.277883661329486
3.359375,0.10488929810593906,12.076999637204075
3.3671875,3.123083910803331,9.87370946123034
3.375,-0.3212635988056012,-2.525892944903436
3.3828125,-0.6108837031847725,6.141316075519362
3.390625,3.0890102837141473,16.9103502925852
3.3984375,4.962200452062109,19.740236732550898
3.40625,5.844718406667091,22.38320088374946
3.4140625,3.7709818132217587,9.857778176722361
3.421875,-2.8420239490456525,-9.718568675003675
3.4296875,-5.379854339274673,-5.629749886261307
3.4375,-1.8897641591813987,5.532558664470643
3.4453125,-0.6495110183019224,2.8337482050190097
3.453125,-0.04343416328693972,8.781594711815035
3.4609375,2.9762453514441254,15.81513471637128
3.46875,0.11345448839261962,-4.289675940393664
3.4765625,-6.135252886898025,-15.232334766417463
3.484375,-2.0785321616579417,12.510725361694291
3.4921875,5.995526026631335,25.962419288005243
3.5,2.4162750593677758,-1.6373688854501953
3.5078125,-6.395631160235663,-20.992929678029
3.515625,-7.471078122199934,-12.543392970729656
3.5234375,-3.35820027617794,-0.03447323082923459
3.53125,1.9483260452345603,16.5712162628149
3.5390625,8.006409076585403,31.077710550148268
3.546875,7.018713340380158,13.631620208844621
3.5546875,-2.730684505432368,-16.459533919979567
3.5625,-6.625301857752892,-9.034370828757044
3.5703125,0.4921367072379752,17.08278007304486
3.578125,3.9580041248385953,11.753267803574552
3.5859375,-0.569729406145076,-3.243978070949023
3.59375,-0.3047995671758321,10.513244183444058
3.6015625,4.379101824193681,19.87967494687042
3.609375,1.5183972167991904,-0.13315591528876425
3.6171875,-3.5667073895261323,-6.206229050405264
3.625,-1.1219271494921954,7.693475164505757
3.6328125,-1.1678554612305538,-6.431704751669068
3.640625,-8.398274751871686,-28.17966047907113
3.6484375,-7.8582194539639145,-9.616658978152541
3.65625,-0.4582382725308022,5.317640348881069
3.6640625,-2.795804127540879,-18.51481477493813
3.671875,-7.256860816070484,-18.44291569296433
3.6796875,1.2272908630504133,19.49630822340418
3.6875,8.550054320964193,21.532141149614105
3.6953125,1.3282962453496512,-12.298106659666692
3.703125,-5.542044782348224,-16.71838411160425
3.7109375,-1.6053678038030395,4.606589579353598
3.71875,3.670230579634246,13.43248588817947
3.7265625,4.3781383318820435,10.627072444556479
3.734375,2.960854794129183,6.7653991648492555
3.7421875,2.4730069282532843,10.06652707453063
3.75,4.860177458646101,19.59026609963877
3.7578125,4.0158058489180775,6.337490606398582
3.765625,-4.883440505867404,-24.26612409670235
3.7734375,-9.582293040839838,-20.9301943551227
3.78125,-2.5744751312353804,7.078713936240259
3.7890625,3.183848317721061,11.314807596785077
3.796875,2.6275991415902866,7.150230738327888
3.8046875,3.198102387399596,11.806410438389484
3.8125,1.4106809748756264,-1.2268781706891194
3.8203125,-3.8331448352045685,-12.667024586245795
3.828125,-1.5377531172969465,7.546022258131988
3.8359375,4.694681211193592,19.26138599351485
3.84375,3.6416784119020535,7.418098961391234
3.8515625,1.8252638458067243,9.604970115993726
3.859375,2.6459164078138295,9.37876153110366
3.8671875,-2.318806491861954,-12.927182874728112
3.875,-6.476507436906372,-13.173840926799805
3.8828125,-1.9372187521968582,5.080306355701669
3.890625,-0.5963112378164825,-4.86736490543918
3.8984375,-4.78758155416397,-15.338486497309901
3.90625,-2.9031434499047637,-0.5527871437071568
3.9140625,0.14000042338333218,-0.17401011813750422
3.921875,-1.8419807911067485,-7.774996512955796
3.9296875,-0.27389823353258036,4.283882308470234
3.9375,1.1164546079059066,-2.199328622938162
3.9453125,-4.899842935861391,-23.03507994711481
3.953125,-4.087463207522932,-1.1051171406743219
3.9609375,5.6596647512126985,23.42728834676575
3.96875,3.777503087460105,-5.288424994625467
3.9765625,-6.144472518477229,-26.79956067635529
3.984375,-5.62290957225407,-10.626988109068382
3.9921875,-3.544663014569908,-17.67630408160243
4.0,-9.500527777889332,-39.85392971349051
4.0078125,-9.638242272664897,-24.909892818874127
4.015625,-1.7922909188479044,-4.1274014282644576
4.0234375,0.06965278635264505,-13.138177101893538
4.03125,-3.4034174572975093,-23.067403739489063
4.0390625,-3.5733235496825775,-17.43402409648335
4.046875,-0.6130286031221859,-8.009193063504766
4.0546875,1.7026629951503303,-5.7859194204967945
4.0625,-0.4311125615349731,-18.73481357149267
4.0703125,-3.1975286813306028,-18.1337048382655
4.078125,4.52148078687423,19.99263513473654
4.0859375,14.332507798227207,33.59466523666278
4.09375,6.385691168043043,-13.352925226676083
4.1015625,-7.491820523041753,-36.787844884437405
4.109375,-3.8772724519106165,-1.4484123430993447
4.1171875,5.898239813038311,15.404797173688422
4.125,4.904790576297016,0.7080026107628106
4.1328125,3.1882069672224516,5.92313940955823
4.140625,5.918454890262724,14.12072337796955
4.1484375,4.3815670851092605,3.6252215148170706
4.15625,2.4676456721017193,5.874890744561412
4.1640625,4.316320326477083,11.676766022798358
4.171875,1.2013995858266293,-7.0758405791037475
4.1796875,-4.694793927838495,-18.14795384412125
4.1875,-3.9613630326471316,-8.278198930264818
4.1953125,-3.285409049165426,-15.932723544191605
4.203125,-7.623056583258912,-29.890832211767933
4.2109375,-5.716013039162062,-9.964485656589996
4.21875,3.987266254642255,18.251530659242984
4.2265625,8.206318296077033,16.20410544420875
4.234375,4.73696246547303,3.6169271775301057
4.2421875,2.5789551953887577,4.751424531306136
4.25,3.1057542873816217,7.342773499752765
4.2578125,2.15425503373059,2.3785757296184498
4.265625,0.6787654551721689,0.5244436266751702
4.2734375,0.6373464107636415,1.4063870355739931
4.28125,-0.8360299771109629,-6.926646402798289
4.2890625,-3.7022507742878163,-12.777964521605018
4.296875,-1.5193522630546406,2.829089222243483
4.3046875,4.0933845162539955,15.092227162893442
4.3125,2.6981414231198078,-1.2458364526006687
4.3203125,-1.980105606041989,-6.962001807646226
4.328125,2.822497321442082,21.13196382504158
4.3359375,9.34643109156468,28.226076529377757
4.34375,3.733191492948446,-1.6443223992581544
4.3515625,-3.310522300068203,-8.277883661330723
4.359375,0.10488929810596215,12.07699963720413
4.3671875,3.1230839108036665,9.873709461231076
4.375,-0.3212635988056938,-2.5258929449026333
4.3828125,-0.6108837031851082,6.141316075519614
4.390625,3.0890102837140962,16.91035029258433
4.3984375,4.96220045206186,19.74023673254996
4.40625,5.844718406667104,22.3832008837494
4.4140625,3.7709818132215576,9.857778176722286
4.421875,-2.842023949045525,-9.718568675003402
4.4296875,-5.379854339274937,-5.62974988626159
4.4375,-1.8897641591817642,5.532558664469573
4.4453125,-0.6495110183016204,2.8337482050187113
4.453125,-0.043434163286602434,8.781594711815314
4.4609375,2.9762453514443274,15.81513471637226
4.46875,0.11345448839266403,-4.289675940393419
4.4765625,-6.135252886897952,-15.232334766415768
4.484375,-2.0785321616583072,12.510725361693787
4.4921875,5.995526026631157,25.962419288004106
4.5,2.4162750593682616,-1.637368885449459
4.5078125,-6.395631160235632,-20.992929678028887
4.515625,-7.471078122200279,-12.543392970730604
4.5234375,-3.3582002761778567,-0.03447323082835396
4.53125,1.9483260452345403,16.571216262814666
4.5390625,8.006409076585452,31.077710550147966
4.546875,7.0187133403803825,13.631620208844568
4.5546875,-2.7306845054321967,-16.45953391997923
4.5625,-6.6253018577533425,-9.034370828757309
4.5703125,0.4921367072376861,17.08278007304495
4.578125,3.9580041248383147,11.753267803573957
4.5859375,-0.5697294061454405,-3.243978070949961
4.59375,-0.30479956717577394,10.513244183444645
4.6015625,4.379101824193956,19.87967494687059
4.609375,1.5183972167990363,-0.13315591528981852
4.6171875,-3.566707389526333,-6.206229050405877
4.625,-1.1219271494921013,7.693475164506402
4.6328125,-1.1678554612301744,-6.431704751668592
4.640625,-8.398274751871522,-28.179660479071693
4.6484375,-7.858219453963966,-9.616658978152973
4.65625,-0.4582382725306864,5.3176403488819215
4.6640625,-2.795804127540865,-18.514814774938248
4.671875,-7.256860816070981,-18.442915692964363
4.6796875,1.227290863050761,19.496308223405524
4.6875,8.550054320964586,21.532141149614148
4.6953125,1.3282962453496556,-12.298106659667198
4.703125,-5.5420447823484285,-16.7183841116037
4.7109375,-1.6053678038030945,4.60658957935313
4.71875,3.6702305796342416,13.432485888178824
4.7265625,4.378138331881983,10.627072444557221
4.734375,2.960854794129255,6.765399164850589
4.7421875,2.473006928253305,10.066527074530587
4.75,4.8601774586457065,19.590266099637077
4.7578125,4.015805848918037,6.337490606398649
4.765625,-4.883440505867213,-24.266124096701606
4.7734375,-9.582293040839549,-20.930194355123128
4.78125,-2.5744751312354293,7.0787139362409155
4.7890625,3.1838483177212895,11.314807596785952
4.796875,2.627599141590095,7.150230738327089
4.8046875,3.198102387399497,11.806410438388875
4.8125,1.4106809748759872,-1.226878170688728
4.8203125,-3.8331448352046413,-12.667024586245788
4.828125,-1.5377531172969492,7.546022258132719
4.8359375,4.694681211193624,19.26138599351452
4.84375,3.641678411902121,7.418098961391948
4.8515625,1.8252638458068926,9.604970115994488
4.859375,2.645916407813446,9.378761531101413
4.8671875,-2.318806491861844,-12.927182874729025
4.875,-6.476507436906376,-13.173840926799345
4.8828125,-1.9372187521969768,5.080306355702035
4.890625,-0.5963112378164284,-4.867364905439816
4.8984375,-4.78758155416417,-15.338486497309345
4.90625,-2.9031434499047326,-0.5527871437061247
4.9140625,0.14000042338354102,-0.1740101181381979
4.921875,-1.8419807911070705,-7.774996512956449
4.9296875,-0.27389823353268383,4.283882308471856
4.9375,1.1164546079057627,-2.1993286229377813
4.9453125,-4.899842935861198,-23.03507994711658
4.953125,-4.087463207522932,-1.1051171406738174
4.9609375,5.6596647512126985,23.42728834676756
4.96875,3.7775030874602096,-5.288424994625577
4.9765625,-6.144472518477577,-26.799560676357167
4.984375,-5.622909572254014,-10.626988109067096
4.9921875,-3.544663014569681,-17.676304081601053
5.0,-9.500527777889516,-39.85392971349128
5.0078125,-9.638242272664966,-24.909892818874003
5.015625,-1.7922909188483787,-4.127401428265693
5.0234375,0.06965278635294192,-13.13817710189328
5.03125,-3.4034174572977824,-23.06740373949023
5.0390625,-3.5733235496831375,-17.434024096485096
5.046875,-0.6130286031224825,-8.009193063505627
5.0546875,1.7026629951506536,-5.785919420496185
5.0625,-0.4311125615350535,-18.734813571493135
5.0703125,-3.197528681330838,-18.133704838266375
5.078125,4.521480786874866,19.99263513473858
5.0859375,14.33250779822733,33.594665236662316
5.09375,6.385691168043208,-13.352925226674976
5.1015625,-7.491820523041543,-36.78784488443613
5.109375,-3.8772724519108275,-1.4484123431006077
5.1171875,5.898239813038058,15.404797173688506
5.125,4.904790576297096,0.7080026107644866
5.1328125,3.188206967222074,5.923139409557875
5.140625,5.918454890262783,14.120723377969176
5.1484375,4.38156708510945,3.6252215148168796
5.15625,2.46764567210184,5.874890744563706
5.1640625,4.316320326476772,11.676766022798564
5.171875,1.201399585826506,-7.075840579104238
5.1796875,-4.694793927837818,-18.147953844119588
5.1875,-3.961363032647268,-8.278198930265017
5.1953125,-3.285409049165784,-15.932723544192832
5.203125,-7.623056583258752,-29.890832211769045
5.2109375,-5.716013039162122,-9.964485656590512
5.21875,3.98726625464168,18.25153065924277
5.2265625,8.206318296076585,16.204105444207315
5.234375,4.736962465473346,3.616927177529252
5.2421875,2.578955195389086,4.751424531306711
5.25,3.1057542873812714,7.3427734997527025
5.2578125,2.1542550337306023,2.378575729617997
5.265625,0.6787654551724195,0.5244436266750649
5.2734375,0.6373464107632791,1.4063870355733523
5.28125,-0.8360299771115443,-6.9266464027982515
5.2890625,-3.7022507742874424,-12.777964521605771
5.296875,-1.5193522630547278,2.8290892222423203
5.3046875,4.093384516253288,15.09222716289252
5.3125,2.6981414231197656,-1.2458364525994394
5.3203125,-1.9801056060416906,-6.962001807646763
5.328125,2.8224973214424733,21.131963825041822
5.3359375,9.34643109156403,28.22607652937794
5.34375,3.733191492948242,-1.6443223992582636
5.3515625,-3.310522300067149,-8.277883661329211
5.359375,0.104889298105737,12.076999637203297
5.3671875,3.12308391080327,9.873709461230696
5.375,-0.3212635988053547,-2.525892944902246
5.3828125,-0.6108837031847103,6.141316075518998
5.390625,3.089010283713991,16.910350292585385
5.3984375,4.9622004520618885,19.740236732550464
5.40625,5.844718406667491,22.38320088375058
5.4140625,3.7709818132221553,9.857778176722451
5.421875,-2.8420239490456622,-9.718568675003382
5.4296875,-5.379854339274822,-5.629749886260797
5.4375,-1.8897641591813052,5.53255866447124
5.4453125,-0.6495110183022853,2.8337482050166924
5.453125,-0.04343416328713201,8.781594711815604
5.4609375,2.976245351444103,15.815134716371894
5.46875,0.11345448839275285,-4.289675940393945
5.4765625,-6.135252886898793,-15.232334766418969
5.484375,-2.07853216165836,12.510725361693876
5.4921875,5.995526026631498,25.962419288003872
5.5,2.4162750593683,-1.6373688854486819
5.5078125,-6.3956311602356015,-20.99292967802767
5.515625,-7.471078122200238,-12.543392970730851
5.5234375,-3.3582002761778806,-0.03447323082947884
5.53125,1.9483260452345692,16.571216262815614
5.5390625,8.006409076585392,31.077710550147714
5.546875,7.018713340380953,13.631620208845206
5.5546875,-2.730684505432348,-16.459533919979823
5.5625,-6.625301857753611,-9.034370828757716
5.5703125,0.4921367072377447,17.082780073045175
5.578125,3.958004124838462,11.753267803574364
5.5859375,-0.5697294061453404,-3.243978070949879
5.59375,-0.3047995671763948,10.513244183443033
5.6015625,4.379101824194162,19.879674946871287
5.609375,1.5183972167995043,-0.13315591528941084
5.6171875,-3.5667073895266386,-6.206229050407233
5.625,-1.1219271494927119,7.693475164505966
5.6328125,-1.1678554612302667,-6.431704751668392
5.640625,-8.398274751871464,-28.17966047907228
5.6484375,-7.858219453963847,-9.616658978153577
5.65625,-0.45823827253134797,5.317640348880926
5.6640625,-2.795804127540614,-18.514814774938017
5.671875,-7.256860816070495,-18.442915692962305
5.6796875,1.2272908630506523,19.4963082234049
5.6875,8.550054320964245,21.53214114961435
5.6953125,1.328296245349509,-12.29810665966541
5.703125,-5.54204478234787,-16.718384111602656
5.7109375,-1.6053678038030776,4.606589579351885
5.71875,3.67023057963351,13.432485888176554
5.7265625,4.378138331881999,10.627072444557825
5.734375,2.9608547941292906,6.76539916484905
5.7421875,2.473006928253793,10.066527074529258
5.75,4.860177458645657,19.590266099638484
5.7578125,4.015805848917769,6.337490606399831
5.765625,-4.883440505866927,-24.26612409670259
5.7734375,-9.582293040839657,-20.93019435512443
5.78125,-2.5744751312353933,7.078713936241854
5.7890625,3.1838483177206767,11.314807596786723
5.796875,2.6275991415906863,7.15023073832808
5.8046875,3.1981023873998446,11.806410438388696
5.8125,1.4106809748754026,-1.2268781706888647
5.8203125,-3.833144835204773,-12.667024586244256
5.828125,-1.5377531172975831,7.54602225812989
5.8359375,4.694681211193471,19.26138599351357
5.84375,3.6416784119018777,7.418098961392291
5.8515625,1.825263845806579,9.604970115995155
5.859375,2.6459164078136235,9.378761531100555
5.8671875,-2.3188064918615354,-12.927182874728556
5.875,-6.476507436906615,-13.173840926798121
5.8828125,-1.9372187521973663,5.0803063557018895
5.890625,-0.596311237816237,-4.867364905440667
5.8984375,-4.787581554163598,-15.338486497310397
5.90625,-2.903143449905209,-0.5527871437061105
5.9140625,0.1400004233830321,-0.17401011813802736
5.921875,-1.841980791106348,-7.774996512957014
5.9296875,-0.2738982335324458,4.283882308470714
5.9375,1.1164546079055564,-2.1993286229374522
5.9453125,-4.899842935861159,-23.035079947113985
5.953125,-4.087463207522906,-1.1051171406750306
5.9609375,5.659664751212758,23.427288346765415
5.96875,3.7775030874600173,-5.28842499462516
5.9765625,-6.144472518477544,-26.79956067635597
5.984375,-5.622909572254386,-10.626988109069021
5.9921875,-3.544663014569415,-17.67630408160111
6.0,-9.50052777788898,-39.85392971348991
6.0078125,-9.638242272665211,-24.909892818875328
6.015625,-1.7922909188479288,-4.127401428263829
6.0234375,0.069652786352975,-13.138177101891916
6.03125,-3.4034174572976847,-23.06740373948889
6.0390625,-3.573323549682872,-17.43402409648356
6.046875,-0.6130286031218439,-8.009193063503902
6.0546875,1.7026629951504986,-5.785919420496047
6.0625,-0.43111256153511857,-18.734813571492452
6.0703125,-3.1975286813304282,-18.133704838265224
6.078125,4.521480786874216,19.99263513473609
6.0859375,14.332507798227406,33.59466523666231
6.09375,6.38569116804336,-13.352925226673957
6.1015625,-7.491820523041788,-36.78784488443688
6.109375,-3.8772724519105433,-1.448412343101328
6.1171875,5.898239813038561,15.404797173688454
6.125,4.904790576296939,0.7080026107639679
6.1328125,3.188206967221939,5.923139409557296
6.140625,5.9184548902626455,14.120723377968488
6.1484375,4.381567085109536,3.6252215148168654
6.15625,2.4676456721017033,5.874890744563627
6.1640625,4.31632032647653,11.676766022799477
6.171875,1.2013995858268776,-7.075840579103125
6.1796875,-4.694793927837805,-18.147953844120313
6.1875,-3.9613630326468976,-8.278198930265246
6.1953125,-3.285409049165613,-15.932723544191727
6.203125,-7.623056583258876,-29.890832211768384
6.2109375,-5.716013039161799,-9.964485656590186
6.21875,3.9872662546420905,18.251530659243805
6.2265625,8.20631829607689,16.204105444208928
6.234375,4.7369624654731,3.6169271775300436
6.2421875,2.5789551953890015,4.751424531307283
6.25,3.1057542873816235,7.34277349975241
6.2578125,2.154255033730924,2.3785757296180146
6.265625,0.6787654551720104,0.5244436266737709
6.2734375,0.6373464107629365,1.406387035573772
6.28125,-0.8360299771110531,-6.926646402797351
6.2890625,-3.702250774287094,-12.7779645216056
6.296875,-1.5193522630547924,2.8290892222419988
6.3046875,4.093384516253057,15.092227162893517
6.3125,2.698141423119864,-1.2458364525993773
6.3203125,-1.9801056060416524,-6.962001807648171
6.328125,2.822497321442148,21.13196382504008
6.3359375,9.346431091563982,28.226076529377714
6.34375,3.7331914929478165,-1.644322399258522
6.3515625,-3.310522300067359,-8.27788366132946
6.359375,0.10488929810621661,12.076999637203382
6.3671875,3.123083910803399,9.873709461231252
6.375,-0.32126359880494393,-2.525892944899221
6.3828125,-0.6108837031847059,6.141316075519144
6.390625,3.0890102837140887,16.910350292584553
6.3984375,4.96220045206197,19.74023673255075
6.40625,5.844718406667333,22.383200883749584
6.4140625,3.7709818132218182,9.857778176722844
6.421875,-2.8420239490459327,-9.718568675005109
6.4296875,-5.379854339274614,-5.629749886260394
6.4375,-1.8897641591810825,5.532558664470875
6.4453125,-0.6495110183022337,2.8337482050179013
6.453125,-0.04343416328726857,8.781594711815162
6.4609375,2.976245351444521,15.815134716372357
6.46875,0.11345448839295003,-4.289675940393801
6.4765625,-6.135252886898395,-15.232334766417011
6.484375,-2.078532161658682,12.510725361693453
6.4921875,5.9955260266315875,25.962419288005155
6.5,2.4162750593682327,-1.6373688854500088
6.5078125,-6.39563116023556,-20.992929678028652
6.515625,-7.471078122200447,-12.543392970730206
6.5234375,-3.358200276178171,-0.03447323082918574
6.53125,1.9483260452345497,16.57121626281415
6.5390625,8.006409076585433,31.077710550147454
6.546875,7.018713340380091,13.631620208843884
6.5546875,-2.7306845054320097,-16.45953391997888
6.5625,-6.625301857753514,-9.034370828757861
6.5703125,0.49213670723785174,17.082780073045775
6.578125,3.9580041248386046,11.753267803574605
6.5859375,-0.5697294061454357,-3.2439780709489003
6.59375,-0.30479956717588097,10.513244183445025
6.6015625,4.379101824194148,19.879674946869674
6.609375,1.518397216799497,-0.13315591528949522
6.6171875,-3.5667073895264827,-6.206229050406276
6.625,-1.121927149492644,7.693475164507183
6.6328125,-1.1678554612302332,-6.4317047516695105
6.640625,-8.398274751871416,-28.179660479073206
6.6484375,-7.858219453963725,-9.61665897815179
6.65625,-0.45823827253076543,5.317640348883939
6.6640625,-2.795804127541127,-18.514814774937754
6.671875,-7.2568608160705175,-18.44291569296453
6.6796875,1.2272908630507486,19.496308223404142
6.6875,8.550054320964161,21.532141149613572
6.6953125,1.3282962453491836,-12.298106659665264
6.703125,-5.542044782348511,-16.718384111603143
6.7109375,-1.6053678038026922,4.606589579351998
6.71875,3.6702305796343095,13.432485888178837
6.7265625,4.378138331881741,10.627072444557719
6.734375,2.9608547941294447,6.765399164851748
6.7421875,2.473006928253568,10.066527074529809
6.75,4.860177458645751,19.590266099637223
6.7578125,4.015805848918144,6.3374906064
6.765625,-4.883440505866568,-24.26612409670042
6.7734375,-9.582293040839387,-20.930194355123234
6.78125,-2.5744751312356975,7.078713936240774
6.7890625,3.183848317721293,11.314807596786533
6.796875,2.6275991415901623,7.150230738326432
6.8046875,3.198102387399776,11.80641043838907
6.8125,1.4106809748758324,-1.2268781706871714
6.8203125,-3.8331448352047914,-12.667024586245205
6.828125,-1.537753117297414,7.546022258129785
6.8359375,4.694681211193796,19.261385993515074
6.84375,3.641678411901973,7.418098961392305
6.8515625,1.8252638458062824,9.604970115994567
6.859375,2.645916407813709,9.378761531102459
6.8671875,-2.318806491861495,-12.927182874728958
6.875,-6.47650743690654,-13.17384092679869
6.8828125,-1.9372187521970679,5.080306355702334
6.890625,-0.5963112378162698,-4.867364905440498
6.8984375,-4.787581554163564,-15.338486497309496
6.90625,-2.903143449904854,-0.5527871437051441
6.9140625,0.14000042338325325,-0.17401011813698108
6.921875,-1.8419807911063573,-7.77499651295704
6.9296875,-0.2738982335324138,4.2838823084705755
6.9375,1.1164546079054694,-2.1993286229364353
6.9453125,-4.899842935861353,-23.035079947115165
6.953125,-4.087463207522906,-1.105117140675432
6.9609375,5.659664751213279,23.427288346766424
6.96875,3.777503087460172,-5.2884249946251405
6.9765625,-6.144472518477398,-26.799560676356013
6.984375,-5.622909572253905,-10.626988109067625
6.9921875,-3.544663014569969,-17.676304081602243
7.0,-9.50052777788902,-39.85392971349076
7.0078125,-9.63824227266532,-24.90989281887461
7.015625,-1.7922909188481757,-4.1274014282648315
7.0234375,0.06965278635278627,-13.138177101893147
7.03125,-3.4034174572976625,-23.06740373948849
7.0390625,-3.5733235496829305,-17.434024096484862
7.046875,-0.6130286031217125,-8.00919306350371
7.0546875,1.7026629951510515,-5.785919420493832
7.0625,-0.4311125615348219,-18.73481357149203
7.0703125,-3.1975286813307373,-18.13370483826617
7.078125,4.521480786874459,19.992635134737007
7.0859375,14.332507798227514,33.59466523666373
7.09375,6.385691168043287,-13.352925226673463
7.1015625,-7.491820523041997,-36.7878448844378
7.109375,-3.8772724519104833,-1.448412343100598
7.1171875,5.898239813038303,15.404797173688957
7.125,4.904790576297627,0.7080026107656288
7.1328125,3.1882069672224524,5.92313940955872
7.140625,5.9184548902628,14.120723377967796
7.1484375,4.381567085109709,3.625221514817101
7.15625,2.467645672101613,5.874890744562466
7.1640625,4.316320326476543,11.676766022799583
7.171875,1.2013995858264424,-7.075840579104206
7.1796875,-4.69479392783768,-18.14795384412158
7.1875,-3.9613630326470495,-8.278198930264642
7.1953125,-3.2854090491662715,-15.932723544192447
7.203125,-7.623056583258952,-29.890832211768142
7.2109375,-5.716013039161907,-9.964485656590597
7.21875,3.9872662546423037,18.251530659242974
7.2265625,8.20631829607699,16.204105444208622
7.234375,4.7369624654733515,3.616927177531066
7.2421875,2.5789551953891907,4.751424531307681
7.25,3.1057542873812807,7.342773499752191
7.2578125,2.1542550337308466,2.3785757296175554
7.265625,0.6787654551723352,0.5244436266747039
7.2734375,0.6373464107629523,1.4063870355738692
7.28125,-0.83602997711117,-6.926646402797802
7.2890625,-3.7022507742877186,-12.777964521607423
7.296875,-1.5193522630543383,2.829089222243793
7.3046875,4.093384516253903,15.092227162894549
7.3125,2.6981414231197425,-1.245836452600169
7.3203125,-1.9801056060410578,-6.9620018076463435
7.328125,2.8224973214422215,21.131963825041332
7.3359375,9.346431091564035,28.226076529378716
7.34375,3.733191492948179,-1.6443223992578684
7.3515625,-3.3105223000678743,-8.277883661332078
7.359375,0.10488929810618641,12.076999637203354
7.3671875,3.123083910802959,9.873709461230504
7.375,-0.32126359880573774,-2.525892944902102
7.3828125,-0.6108837031847214,6.141316075519899
7.390625,3.089010283714128,16.910350292583615
7.3984375,4.962200452061934,19.740236732549086
7.40625,5.844718406666886,22.38320088374889
7.4140625,3.770981813221786,9.85777817672365
7.421875,-2.8420239490449792,-9.71856867500147
7.4296875,-5.3798543392746545,-5.629749886261745
7.4375,-1.8897641591809877,5.532558664471356
7.4453125,-0.6495110183016931,2.8337482050194147
7.453125,-0.043434163287434435,8.78159471181615
7.4609375,2.9762453514442626,15.815134716371809
7.46875,0.11345448839320138,-4.289675940393493
7.4765625,-6.135252886898097,-15.23233476641682
7.484375,-2.0785321616592176,12.510725361691781
7.4921875,5.9955260266315475,25.96241928800486
7.5,2.4162750593687887,-1.6373688854474961
7.5078125,-6.39563116023537,-20.99292967802753
7.515625,-7.471078122200419,-12.54339297073069
7.5234375,-3.3582002761778442,-0.03447323082917153
7.53125,1.9483260452341973,16.571216262812957
7.5390625,8.006409076585298,31.077710550146534
7.546875,7.018713340380378,13.631620208844154
7.5546875,-2.730684505432218,-16.459533919979584
7.5625,-6.625301857753643,-9.034370828758473
7.5703125,0.49213670723737435,17.08278007304313
7.578125,3.958004124838828,11.753267803576676
7.5859375,-0.5697294061456692,-3.24397807094876
7.59375,-0.3047995671762549,10.51324418344474
7.6015625,4.379101824194533,19.87967494687146
7.609375,1.5183972167998239,-0.13315591528918702
7.6171875,-3.5667073895264965,-6.206229050406403
7.625,-1.1219271494927652,7.69347516450701
7.6328125,-1.1678554612294925,-6.4317047516674055
7.640625,-8.398274751871579,-28.17966047907466
7.6484375,-7.858219453963888,-9.616658978154168
7.65625,-0.45823827253112115,5.3176403488832715
7.6640625,-2.7958041275406904,-18.514814774936593
7.671875,-7.256860816070622,-18.442915692964355
7.6796875,1.227290863050647,19.49630822340374
7.6875,8.550054320964481,21.53214114961519
7.6953125,1.3282962453493838,-12.298106659665574
7.703125,-5.5420447823476815,-16.71838411160119
7.7109375,-1.6053678038028947,4.606589579351272
7.71875,3.6702305796341808,13.432485888177592
7.7265625,4.378138331882183,10.627072444558902
7.734375,2.960854794129315,6.765399164851369
7.7421875,2.473006928253446,10.066527074529233
7.75,4.860177458645845,19.590266099637567
7.7578125,4.0158058489175925,6.337490606399645
7.765625,-4.883440505866638,-24.266124096700935
7.7734375,-9.582293040839293,-20.930194355122552
7.78125,-2.5744751312358174,7.0787139362405815
7.7890625,3.183848317721198,11.314807596786272
7.796875,2.6275991415901014,7.150230738326387
7.8046875,3.1981023873999135,11.806410438389614
7.8125,1.41068097487547,-1.2268781706889134
7.8203125,-3.833144835204741,-12.667024586245354
7.828125,-1.537753117297182,7.5460222581295255
7.8359375,4.69468121119381,19.261385993514175
7.84375,3.6416784119020122,7.418098961392383
7.8515625,1.8252638458066763,9.604970115994995
7.859375,2.645916407813621,9.378761531102148
7.8671875,-2.318806491860829,-12.92718287472725
7.875,-6.476507436906098,-13.173840926797425
7.8828125,-1.9372187521972615,5.080306355701274
7.890625,-0.5963112378163631,-4.867364905440911
7.8984375,-4.7875815541642055,-15.33848649731072
7.90625,-2.903143449905219,-0.5527871437066416
7.9140625,0.14000042338381924,-0.17401011813573142
7.921875,-1.8419807911063368,-7.774996512956952
7.9296875,-0.2738982335330342,4.283882308468895
7.9375,1.11645460790543,-2.199328622936614
7.9453125,-4.899842935861199,-23.03507994711461
7.953125,-4.087463207523126,-1.1051171406763842
7.9609375,5.659664751213041,23.427288346765874
7.96875,3.7775030874605897,-5.288424994623904
7.9765625,-6.144472518477552,-26.79956067635584
7.984375,-5.622909572253789,-10.626988109067547
7.9921875,-3.5446630145696845,-17.67630408160167
8.0,-9.500527777889033,-39.853929713490075
8.0078125,-9.638242272664897,-24.90989281887393
8.015625,-1.792290918848255,-4.127401428264493
8.0234375,0.06965278635275318,-13.138177101893715
8.03125,-3.4034174572982785,-23.06740373949065
8.0390625,-3.573323549683067,-17.43402409648433
8.046875,-0.613028603121653,-8.009193063504192
8.0546875,1.7026629951508898,-5.785919420495154
8.0625,-0.43111256153511357,-18.734813571493284
8.0703125,-3.197528681331072,-18.133704838266443
8.078125,4.521480786874269,19.992635134735178
8.0859375,14.33250779822692,33.5946652366614
8.09375,6.385691168043482,-13.35292522667337
8.1015625,-7.491820523041572,-36.787844884437284
8.109375,-3.8772724519109065,-1.4484123431031914
8.1171875,5.898239813038187,15.404797173688578
8.125,4.904790576297176,0.7080026107654485
8.1328125,3.1882069672225906,5.923139409558837
8.140625,5.9184548902628284,14.120723377968169
8.1484375,4.381567085109504,3.625221514818172
8.15625,2.467645672101567,5.874890744564542
8.1640625,4.316320326476469,11.676766022798251
8.171875,1.2013995858264903,-7.075840579103804
8.1796875,-4.6947939278377975,-18.147953844120373
8.1875,-3.9613630326469447,-8.278198930264827
8.1953125,-3.2854090491661267,-15.932723544191207
8.203125,-7.623056583259298,-29.890832211768743
8.2109375,-5.716013039162478,-9.964485656592224
8.21875,3.987266254641688,18.251530659241368
8.2265625,8.206318296077246,16.204105444208857
8.234375,4.736962465473084,3.616927177529533
8.2421875,2.578955195388685,4.751424531307183
8.25,3.1057542873815547,7.342773499752299
8.2578125,2.1542550337310464,2.3785757296174825
8.265625,0.6787654551723756,0.5244436266736137
8.2734375,0.6373464107630793,1.4063870355737875
8.28125,-0.8360299771112084,-6.926646402797565
8.2890625,-3.7022507742872595,-12.777964521606329
8.296875,-1.5193522630553482,2.8290892222415183
8.3046875,4.093384516253426,15.09222716289424
8.3125,2.698141423120105,-1.2458364525983088
8.3203125,-1.980105606041671,-6.962001807647505
8.328125,2.8224973214418885,21.13196382504029
8.3359375,9.346431091564034,28.226076529378204
8.34375,3.7331914929482823,-1.6443223992568479
8.3515625,-3.3105223000669053,-8.277883661329039
8.359375,0.10488929810605852,12.076999637203734
8.3671875,3.123083910803212,9.87370946123042
8.375,-0.3212635988050472,-2.525892944900397
8.3828125,-0.6108837031848404,6.14131607551919
8.390625,3.0890102837146167,16.910350292586052
8.3984375,4.962200452061845,19.74023673254954
8.40625,5.8447184066666775,22.38320088375032
8.4140625,3.7709818132216975,9.857778176724011
8.421875,-2.8420239490459505,-9.718568675004448
8.4296875,-5.379854339273797,-5.629749886257931
8.4375,-1.8897641591809835,5.5325586644695965
8.4453125,-0.6495110183017552,2.833748205019127
8.453125,-0.043434163287592975,8.781594711815533
8.4609375,2.9762453514439415,15.815134716371002
8.46875,0.11345448839349181,-4.289675940392988
8.4765625,-6.135252886898216,-15.232334766418813
8.484375,-2.0785321616586954,12.510725361692433
8.4921875,5.995526026631494,25.96241928800465
8.5,2.4162750593680755,-1.6373688854492432
8.5078125,-6.395631160235878,-20.992929678028567
8.515625,-7.4710781222000175,-12.54339297073007
8.5234375,-3.358200276177854,-0.03447323083016318
8.53125,1.9483260452344902,16.57121626281394
8.5390625,8.006409076585387,31.07771055014849
8.546875,7.018713340381036,13.63162020884694
8.5546875,-2.7306845054317543,-16.45953391997843
8.5625,-6.625301857753703,-9.034370828758377
8.5703125,0.4921367072383651,17.082780073045036
8.578125,3.9580041248388653,11.753267803573985
8.5859375,-0.5697294061458102,-3.2439780709485238
8.59375,-0.3047995671759334,10.513244183445309
8.6015625,4.379101824194246,19.879674946872957
8.609375,1.5183972167994286,-0.1331559152895352
8.6171875,-3.5667073895262744,-6.206229050407135
8.625,-1.1219271494924723,7.693475164508609
8.6328125,-1.1678554612302563,-6.431704751668706
8.640625,-8.398274751871286,-28.179660479073434
8.6484375,-7.858219453963393,-9.616658978153316
8.65625,-0.4582382725309657,5.317640348882646
8.6640625,-2.7958041275408236,-18.51481477493745
8.671875,-7.25686081607017,-18.442915692966004
8.6796875,1.227290863050448,19.496308223402828
8.6875,8.550054320964076,21.532141149615125
8.6953125,1.3282962453498288,-12.29810665966448
8.703125,-5.542044782347816,-16.718384111601473
8.7109375,-1.6053678038033068,4.606589579351819
8.71875,3.6702305796345995,13.432485888179109
8.7265625,4.3781383318820035,10.627072444557111
8.734375,2.9608547941288537,6.765399164851473
8.7421875,2.4730069282535982,10.066527074530796
8.75,4.860177458645809,19.590266099635812
8.7578125,4.015805848917557,6.337490606399572
8.765625,-4.883440505867204,-24.266124096701596
8.7734375,-9.582293040838977,-20.93019435512368
8.78125,-2.5744751312351664,7.078713936241578
8.7890625,3.183848317720298,11.314807596785288
8.796875,2.62759914158996,7.150230738326346
8.8046875,3.1981023873994996,11.806410438389577
8.8125,1.4106809748754372,-1.2268781706879541
8.8203125,-3.8331448352048834,-12.667024586244578
8.828125,-1.5377531172967132,7.546022258130502
8.8359375,4.694681211193675,19.261385993513088
8.84375,3.6416784119015615,7.41809896139139
8.8515625,1.8252638458065729,9.604970115995194
8.859375,2.645916407813563,9.378761531103045
8.8671875,-2.3188064918616287,-12.927182874729006
8.875,-6.476507436906168,-13.173840926800423
8.8828125,-1.9372187521972402,5.080306355700799
8.890625,-0.5963112378167352,-4.867364905440455
8.8984375,-4.787581554163896,-15.338486497308407
8.90625,-2.9031434499055573,-0.5527871437074152
8.9140625,0.14000042338332808,-0.17401011813625722
8.921875,-1.8419807911070603,-7.774996512959798
8.9296875,-0.27389823353246934,4.283882308468653
8.9375,1.1164546079058841,-2.199328622936409
8.9453125,-4.899842935862616,-23.035079947116806
8.953125,-4.087463207522812,-1.105117140673812
8.9609375,5.6596647512128015,23.42728834676514
8.96875,3.7775030874601203,-5.288424994625645
8.9765625,-6.1444725184770395,-26.799560676355917
8.984375,-5.622909572253744,-10.62698810906845
8.9921875,-3.5446630145702716,-17.676304081601437
9.0,-9.500527777889788,-39.85392971348894
9.0078125,-9.63824227266553,-24.90989281887635
9.015625,-1.7922909188480973,-4.127401428264333
9.0234375,0.06965278635261951,-13.138177101891895
9.03125,-3.40341745729843,-23.067403739491475
9.0390625,-3.573323549683024,-17.434024096485224
9.046875,-0.613028603122058,-8.009193063504313
9.0546875,1.7026629951508738,-5.7859194204947055
9.0625,-0.4311125615348177,-18.734813571492108
9.0703125,-3.197528681331293,-18.133704838268986
9.078125,4.521480786873793,19.992635134733266
9.0859375,14.332507798227725,33.594665236662365
9.09375,6.385691168043699,-13.35292522667217
9.1015625,-7.491820523042075,-36.78784488443666
9.109375,-3.8772724519109008,-1.448412343102528
9.1171875,5.898239813037722,15.404797173685234
9.125,4.90479057629716,0.7080026107664947
9.1328125,3.1882069672227313,5.923139409559436
9.140625,5.918454890262921,14.12072337796737
9.1484375,4.381567085109523,3.6252215148190663
9.15625,2.467645672100977,5.874890744563677
9.1640625,4.316320326475996,11.676766022797086
9.171875,1.2013995858265232,-7.0758405791053605
9.1796875,-4.694793927838051,-18.147953844121933
9.1875,-3.961363032646413,-8.278198930263192
9.1953125,-3.2854090491658017,-15.932723544192259
9.203125,-7.623056583259567,-29.890832211769375
9.2109375,-5.716013039162552,-9.964485656591807
9.21875,3.9872662546421602,18.251530659242317
9.2265625,8.206318296077006,16.204105444207944
9.234375,4.736962465472881,3.616927177530001
9.2421875,2.578955195389107,4.751424531306439
9.25,3.1057542873818482,7.342773499752588
9.2578125,2.154255033731492,2.3785757296188734
9.265625,0.678765455172143,0.5244436266746941
9.2734375,0.6373464107631284,1.4063870355739363
9.28125,-0.8360299771106825,-6.926646402796961
9.2890625,-3.7022507742866857,-12.777964521605018
9.296875,-1.519352263054808,2.829089222242837
9.3046875,4.093384516253394,15.0922271628951
9.3125,2.698141423119873,-1.2458364525993009
9.3203125,-1.9801056060417945,-6.962001807647555
9.328125,2.8224973214422766,21.1319638250413
9.3359375,9.346431091563788,28.22607652937626
9.34375,3.7331914929486634,-1.6443223992545617
9.3515625,-3.3105223000675728,-8.277883661328632
9.359375,0.10488929810632053,12.076999637202505
9.3671875,3.1230839108038237,9.873709461231531
9.375,-0.32126359880588073,-2.525892944901333
9.3828125,-0.6108837031842436,6.141316075519386
9.390625,3.0890102837148317,16.91035029258526
9.3984375,4.962200452062014,19.740236732550912
9.40625,5.84471840666645,22.383200883750323
9.4140625,3.7709818132218675,9.857778176723944
9.421875,-2.84202394904559,-9.718568675004729
9.4296875,-5.379854339274916,-5.629749886260072
9.4375,-1.8897641591814511,5.532558664471885
9.4453125,-0.6495110183010321,2.8337482050202505
9.453125,-0.04343416328675653,8.781594711816656
9.4609375,2.976245351443985,15.815134716371869
9.46875,0.11345448839315786,-4.289675940393592
9.4765625,-6.135252886897941,-15.232334766419168
9.484375,-2.078532161658956,12.510725361692
9.4921875,5.995526026631159,25.962419288005876
9.5,2.416275059368907,-1.637368885445829
9.5078125,-6.395631160234976,-20.9929296780276
9.515625,-7.4710781222002645,-12.543392970730384
9.5234375,-3.3582002761784238,-0.034473230829700885
9.53125,1.9483260452346447,16.571216262813834
9.5390625,8.00640907658613,31.07771055014935
9.546875,7.018713340380696,13.63162020884769
9.5546875,-2.730684505432578,-16.45953391997997
9.5625,-6.625301857753124,-9.034370828759062
9.5703125,0.4921367072379481,17.08278007304481
9.578125,3.958004124838172,11.75326780357545
9.5859375,-0.5697294061458487,-3.243978070948911
9.59375,-0.3047995671753845,10.513244183446156
9.6015625,4.379101824194224,19.879674946871773
9.609375,1.5183972167987827,-0.13315591529075288
9.6171875,-3.5667073895260484,-6.206229050407166
9.625,-1.1219271494924743,7.693475164507915
9.6328125,-1.16785546122987,-6.431704751665127
9.640625,-8.398274751870973,-28.17966047907354
9.6484375,-7.858219453963977,-9.616658978154627
9.65625,-0.45823827253127447,5.3176403488841055
9.6640625,-2.795804127541088,-18.51481477493608
9.671875,-7.2568608160702155,-18.44291569296616
9.6796875,1.2272908630505603,19.496308223404142
9.6875,8.550054320963806,21.532141149614837
9.6953125,1.3282962453490947,-12.298106659668024
9.703125,-5.5420447823480306,-16.718384111603378
9.7109375,-1.605367803803639,4.6065895793519855
9.71875,3.670230579634228,13.432485888179235
9.7265625,4.378138331882495,10.627072444556948
9.734375,2.960854794129043,6.765399164850148
9.7421875,2.4730069282536085,10.06652707453206
9.75,4.860177458645443,19.59026609963591
9.7578125,4.015805848917656,6.337490606398625
9.765625,-4.883440505866758,-24.266124096700047
9.7734375,-9.582293040838621,-20.930194355122538
9.78125,-2.574475131235541,7.078713936240027
9.7890625,3.183848317720231,11.314807596783973
9.796875,2.627599141589487,7.150230738325472
9.8046875,3.1981023874001466,11.806410438392309
9.8125,1.4106809748753721,-1.2268781706884568
9.8203125,-3.833144835205111,-12.667024586247862
9.828125,-1.5377531172971177,7.546022258129451
9.8359375,4.6946812111936485,19.261385993515006
9.84375,3.641678411901355,7.418098961391328
9.8515625,1.8252638458060872,9.604970115993668
9.859375,2.6459164078136466,9.378761531103267
9.8671875,-2.3188064918604963,-12.927182874726482
9.875,-6.476507436905312,-13.173840926799686
9.8828125,-1.9372187521966842,5.0803063557009125
9.890625,-0.5963112378170754,-4.867364905440711
9.8984375,-4.787581554164486,-15.338486497310871
9.90625,-2.903143449904908,-0.5527871437066416
9.9140625,0.14000042338323537,-0.1740101181365219
9.921875,-1.841980791106792,-7.774996512958639
9.9296875,-0.27389823353279663,4.283882308467738
9.9375,1.116454607905908,-2.1993286229354574
9.9453125,-4.8998429358614635,-23.035079947112692
9.953125,-4.087463207523477,-1.105117140676077
9.9609375,5.659664751212974,23.427288346764417
9.96875,3.7775030874602287,-5.288424994626938
9.9765625,-6.144472518476626,-26.799560676353885
9.984375,-5.622909572253962,-10.6269881090689
9.9921875,-3.544663014569612,-17.676304081601497
10.0,-9.500527777889939,-39.85392971349076
10.0078125,-9.638242272664883,-24.909892818874706
10.015625,-1.792290918848289,-4.127401428263952
10.0234375,0.06965278635202266,-13.138177101894449
10.03125,-3.403417457296861,-23.067403739488892
10.0390625,-3.5733235496827875,-17.434024096483842
10.046875,-0.6130286031220082,-8.009193063503302
10.0546875,1.7026629951508596,-5.785919420494073
10.0625,-0.43111256153479216,-18.73481357149284
10.0703125,-3.1975286813309705,-18.133704838267022
10.078125,4.521480786874454,19.99263513473676
10.0859375,14.332507798227667,33.59466523666207
10.09375,6.385691168043865,-13.352925226671655
10.1015625,-7.491820523042092,-36.78784488443996
10.109375,-3.8772724519110158,-1.4484123431036817
10.1171875,5.898239813038174,15.404797173689053
10.125,4.904790576296707,0.7080026107625272
10.1328125,3.18820696722289,5.923139409557001
10.140625,5.918454890262932,14.12072337796782
10.1484375,4.381567085109728,3.6252215148200615
10.15625,2.4676456721017446,5.8748907445656116
10.1640625,4.316320326476838,11.67676602279848
10.171875,1.2013995858272286,-7.075840579102391
10.1796875,-4.694793927837097,-18.14795384411763
10.1875,-3.9613630326463274,-8.278198930265276
10.1953125,-3.285409049165704,-15.932723544190656
10.203125,-7.623056583259614,-29.890832211767
10.2109375,-5.716013039162453,-9.964485656591986
10.21875,3.9872662546424342,18.251530659241112
10.2265625,8.206318296077644,16.204105444207887
10.234375,4.736962465472723,3.616927177532297
10.2421875,2.5789551953887737,4.751424531306558
10.25,3.1057542873825885,7.342773499752546
10.2578125,2.1542550337305424,2.378575729617217
10.265625,0.6787654551716783,0.5244436266753842
10.2734375,0.6373464107634865,1.406387035571929
10.28125,-0.8360299771105165,-6.926646402798907
10.2890625,-3.7022507742874105,-12.777964521602948
10.296875,-1.5193522630549476,2.8290892222441872
10.3046875,4.093384516254349,15.092227162895522
10.3125,2.6981414231201355,-1.2458364525997676
10.3203125,-1.9801056060420457,-6.9620018076460966
10.328125,2.8224973214419693,21.131963825041282
10.3359375,9.346431091564176,28.226076529378105
10.34375,3.733191492948564,-1.6443223992580656
10.3515625,-3.3105223000682362,-8.277883661329849
10.359375,0.10488929810581782,12.076999637202393
10.3671875,3.123083910803801,9.873709461231275
10.375,-0.32126359880610433,-2.5258929449034095
10.3828125,-0.6108837031854231,6.141316075517665
10.390625,3.0890102837151496,16.910350292587
10.3984375,4.9622004520620155,19.740236732550656
10.40625,5.844718406666822,22.383200883749772
10.4140625,3.7709818132213098,9.85777817672203
10.421875,-2.8420239490451653,-9.718568675003382
10.4296875,-5.379854339274999,-5.629749886260106
10.4375,-1.8897641591818068,5.532558664469729
10.4453125,-0.649511018300987,2.8337482050197025
10.453125,-0.04343416328736871,8.781594711814988
10.4609375,2.976245351443923,15.815134716371691
10.46875,0.1134544883924784,-4.289675940397085
10.4765625,-6.135252886898051,-15.232334766418564
10.484375,-2.078532161658587,12.510725361694444
10.4921875,5.995526026630573,25.96241928800496
10.5,2.4162750593683464,-1.637368885449547
10.5078125,-6.395631160234875,-20.992929678028027
10.515625,-7.471078122200357,-12.543392970728956
10.5234375,-3.3582002761783603,-0.03447323083031906
10.53125,1.9483260452345432,16.57121626281381
10.5390625,8.00640907658603,31.077710550149376
10.546875,7.018713340380179,13.631620208847782
10.5546875,-2.7306845054323774,-16.459533919980494
10.5625,-6.625301857752781,-9.03437082876152
10.5703125,0.4921367072381142,17.082780073046067
10.578125,3.958004124838024,11.753267803576751
10.5859375,-0.5697294061447442,-3.2439780709473904
10.59375,-0.3047995671760342,10.513244183442584
10.6015625,4.379101824193382,19.879674946871663
10.609375,1.518397216799036,-0.13315591528672233
10.6171875,-3.5667073895265338,-6.206229050409892
10.625,-1.121927149492377,7.693475164505509
10.6328125,-1.1678554612313043,-6.4317047516685575
10.640625,-8.398274751871295,-28.1796604790742
10.6484375,-7.85821945396373,-9.616658978155463
10.65625,-0.45823827253141936,5.317640348883015
10.6640625,-2.7958041275407997,-18.514814774937467
10.671875,-7.256860816070469,-18.442915692965943
10.6796875,1.2272908630511674,19.496308223403723
10.6875,8.550054320963834,21.532141149613725
10.6953125,1.3282962453498253,-12.298106659662778
10.703125,-5.542044782348865,-16.718384111604053
10.7109375,-1.6053678038038406,4.606589579350709
10.71875,3.6702305796341914,13.432485888176972
10.7265625,4.378138331882725,10.627072444559445
10.734375,2.960854794128955,6.765399164851736
10.7421875,2.4730069282525804,10.066527074529244
10.75,4.86017745864608,19.59026609963575
10.7578125,4.015805848918568,6.337490606400287
10.765625,-4.883440505866481,-24.2661240966994
10.7734375,-9.582293040840225,-20.930194355126353
10.78125,-2.574475131236009,7.0787139362362534
10.7890625,3.1838483177212797,11.314807596785457
10.796875,2.6275991415901063,7.150230738329791
10.8046875,3.19810238739953,11.80641043839064
10.8125,1.4106809748755367,-1.2268781706922127
10.8203125,-3.8331448352038344,-12.667024586246258
10.828125,-1.5377531172971128,7.5460222581319005
10.8359375,4.69468121119343,19.261385993516413
10.84375,3.641678411901376,7.418098961389106
10.8515625,1.8252638458071346,9.604970115993817
10.859375,2.64591640781354,9.378761531105805
10.8671875,-2.318806491861423,-12.927182874726267
10.875,-6.476507436904802,-13.17384092679875
10.8828125,-1.9372187521966167,5.08030635570063
10.890625,-0.5963112378164963,-4.867364905435661
10.8984375,-4.787581554164632,-15.338486497308486
10.90625,-2.9031434499056195,-0.5527871437101428
10.9140625,0.14000042338411356,-0.17401011813918554
10.921875,-1.8419807911063346,-7.774996512955182
10.9296875,-0.27389823353301246,4.283882308469261
10.9375,1.1164546079055149,-2.1993286229359557
10.9453125,-4.899842935860685,-23.035079947113697
10.953125,-4.087463207522887,-1.1051171406748477
10.9609375,5.65966475121254,23.427288346767913
10.96875,3.77750308746082,-5.288424994622643
10.9765625,-6.1444725184768,-26.79956067635858
10.984375,-5.622909572253234,-10.626988109067678
10.9921875,-3.544663014571083,-17.67630408160386
11.0,-9.500527777889182,-39.85392971348912
11.0078125,-9.63824227266516,-24.90989281887604
11.015625,-1.792290918848659,-4.127401428266059
11.0234375,0.06965278635197025,-13.138177101892719
11.03125,-3.403417457297063,-23.067403739488206
11.0390625,-3.573323549682443,-17.434024096485466
11.046875,-0.6130286031221162,-8.009193063504439
11.0546875,1.7026629951504573,-5.785919420494072
11.0625,-0.431112561534841,-18.734813571491372
11.0703125,-3.197528681330342,-18.13370483826607
11.078125,4.521480786874529,19.99263513473462
11.0859375,14.332507798228313,33.59466523666679
11.09375,6.385691168043962,-13.352925226671056
11.1015625,-7.491820523041991,-36.787844884438684
11.109375,-3.8772724519108244,-1.4484123431036764
11.1171875,5.898239813037849,15.404797173688856
11.125,4.904790576296817,0.7080026107640496
11.1328125,3.188206967222274,5.923139409556729
11.140625,5.918454890262588,14.120723377968051
11.1484375,4.3815670851096185,3.6252215148187292
11.15625,2.4676456721013174,5.874890744562974
11.1640625,4.316320326476929,11.676766022798263
11.171875,1.2013995858266378,-7.075840579103532
11.1796875,-4.694793927837491,-18.147953844119296
11.1875,-3.961363032646403,-8.278198930266312
11.1953125,-3.2854090491652377,-15.932723544190987
11.203125,-7.623056583259863,-29.890832211767627
11.2109375,-5.716013039162171,-9.964485656590742
11.21875,3.987266254642856,18.251530659241837
11.2265625,8.206318296076615,16.204105444208395
11.234375,4.73696246547293,3.6169271775337757
11.2421875,2.578955195388916,4.751424531306644
11.25,3.1057542873823483,7.342773499753232
11.2578125,2.1542550337303314,2.378575729617726
11.265625,0.6787654551714926,0.5244436266747798
11.2734375,0.6373464107640308,1.4063870355727048
11.28125,-0.8360299771108299,-6.926646402797428
11.2890625,-3.702250774286627,-12.777964521601241
11.296875,-1.5193522630548602,2.8290892222443498
11.3046875,4.093384516253175,15.092227162890442
11.3125,2.6981414231199454,-1.245836452601262
11.3203125,-1.9801056060418223,-6.962001807644016
11.328125,2.8224973214411015,21.131963825039833
11.3359375,9.346431091564535,28.22607652937802
11.34375,3.733191492948653,-1.6443223992582308
11.3515625,-3.3105223000681736,-8.277883661331241
11.359375,0.1048892981061238,12.076999637203864
11.3671875,3.123083910803035,9.873709461230565
11.375,-0.321263598805144,-2.5258929448984198
11.3828125,-0.6108837031850887,6.141316075517887
11.390625,3.089010283714093,16.910350292583466
11.3984375,4.962200452061685,19.740236732550592
11.40625,5.844718406666519,22.383200883749186
11.4140625,3.7709818132218906,9.857778176721467
11.421875,-2.8420239490462413,-9.718568675004551
11.4296875,-5.37985433927505,-5.629749886260175
11.4375,-1.8897641591816114,5.532558664469536
11.4453125,-0.6495110183013904,2.83374820501761
11.453125,-0.043434163286991234,8.781594711813593
11.4609375,2.97624535144362,15.815134716372864
11.46875,0.11345448839327688,-4.289675940394143
11.4765625,-6.135252886897761,-15.232334766420117
11.484375,-2.078532161658755,12.510725361692328
11.4921875,5.9955260266305315,25.962419288003787
11.5,2.4162750593686573,-1.6373688854456212
11.5078125,-6.395631160234907,-20.992929678028464
11.515625,-7.4710781221998035,-12.543392970729789
11.5234375,-3.3582002761780325,-0.03447323082879006
11.53125,1.9483260452343028,16.571216262814275
11.5390625,8.006409076585273,31.07771055014652
11.546875,7.01871334037993,13.63162020884436
11.5546875,-2.730684505431073,-16.45953391997838
11.5625,-6.625301857754033,-9.034370828761949
11.5703125,0.4921367072375791,17.08278007304557
11.578125,3.958004124838301,11.753267803574497
11.5859375,-0.5697294061462455,-3.243978070952643
11.59375,-0.3047995671760564,10.513244183445188
11.6015625,4.379101824193297,19.879674946873028
11.609375,1.518397216799675,-0.13315591528827575
11.6171875,-3.5667073895257397,-6.206229050409271
11.625,-1.1219271494919578,7.693475164506523
11.6328125,-1.1678554612312064,-6.431704751667792
11.640625,-8.398274751871075,-28.179660479071984
11.6484375,-7.858219453962911,-9.616658978155654
11.65625,-0.45823827253099314,5.317640348883327
11.6640625,-2.7958041275412415,-18.51481477493541
11.671875,-7.2568608160709935,-18.442915692965226
11.6796875,1.227290863051075,19.496308223401833
11.6875,8.550054320964808,21.53214114961366
11.6953125,1.328296245350447,-12.298106659661787
11.703125,-5.542044782348588,-16.718384111602738
11.7109375,-1.6053678038039934,4.606589579350712
11.71875,3.6702305796338877,13.43248588817291
11.7265625,4.378138331882769,10.627072444559158
11.734375,2.9608547941285837,6.765399164854122
11.7421875,2.4730069282523104,10.066527074528894
11.75,4.860177458646623,19.59026609963542
11.7578125,4.015805848918292,6.337490606396617
11.765625,-4.883440505866665,-24.266124096696956
11.7734375,-9.582293040839872,-20.930194355123042
11.78125,-2.5744751312351877,7.078713936238677
11.7890625,3.183848317721517,11.314807596785027
11.796875,2.6275991415893145,7.150230738328201
11.8046875,3.1981023873990884,11.806410438390678
11.8125,1.4106809748760256,-1.2268781706888565
11.8203125,-3.833144835203836,-12.667024586248287
11.828125,-1.5377531172970749,7.5460222581330445
11.8359375,4.694681211193997,19.26138599352032
11.84375,3.6416784119016645,7.418098961388504
11.8515625,1.825263845806828,9.60497011599226
11.859375,2.6459164078133384,9.3787615311049
11.8671875,-2.318806491861526,-12.927182874725762
11.875,-6.476507436905772,-13.173840926801908
11.8828125,-1.9372187521965682,5.080306355699004
11.890625,-0.596311237816503,-4.867364905437065
11.8984375,-4.78758155416441,-15.338486497308791
11.90625,-2.9031434499051114,-0.5527871437080645
11.9140625,0.14000042338383223,-0.17401011813613998
11.921875,-1.8419807911060944,-7.7749965129550995
11.9296875,-0.2738982335337603,4.28388230846661
11.9375,1.1164546079049762,-2.199328622937781
11.9453125,-4.8998429358613285,-23.0350799471124
11.953125,-4.087463207523128,-1.105117140673924
11.9609375,5.659664751213173,23.427288346767487
11.96875,3.7775030874614113,-5.288424994621384
11.9765625,-6.144472518476241,-26.799560676354872
11.984375,-5.622909572254047,-10.6269881090675
11.9921875,-3.544663014570265,-17.676304081600207
12.0,-9.50052777788881,-39.85392971348927
12.0078125,-9.638242272664698,-24.90989281887395
12.015625,-1.792290918849414,-4.127401428265573
12.0234375,0.06965278635202976,-13.138177101890928
12.03125,-3.403417457297592,-23.06740373949215
12.0390625,-3.573323549682775,-17.434024096487114
12.046875,-0.613028603122614,-8.009193063504082
12.0546875,1.7026629951509191,-5.785919420491071
12.0625,-0.43111256153404853,-18.734813571491383
12.0703125,-3.197528681331553,-18.1337048382708
12.078125,4.521480786873853,19.99263513473342
12.0859375,14.332507798227759,33.59466523666656
12.09375,6.3856911680438015,-13.352925226671626
12.1015625,-7.491820523041352,-36.78784488443766
12.109375,-3.877272451910654,-1.4484123431029499
12.1171875,5.898239813037737,15.404797173687818
12.125,4.904790576296348,0.7080026107644342
12.1328125,3.1882069672221847,5.923139409557405
12.140625,5.9184548902632494,14.12072337797025
12.1484375,4.381567085109152,3.625221514819202
12.15625,2.467645672101126,5.874890744562249
12.1640625,4.316320326477522,11.676766022801738
12.171875,1.2013995858263695,-7.075840579102783
12.1796875,-4.694793927837312,-18.14795384411933
12.1875,-3.9613630326469815,-8.278198930266662
12.1953125,-3.285409049165855,-15.932723544191775
12.203125,-7.623056583258908,-29.89083221176524
12.2109375,-5.716013039162731,-9.964485656593906
12.21875,3.987266254641554,18.251530659239148
12.2265625,8.206318296077141,16.204105444209095
12.234375,4.73696246547276,3.6169271775304273
12.2421875,2.5789551953893404,4.751424531305512
12.25,3.1057542873824695,7.342773499753697
12.2578125,2.154255033730831,2.3785757296186842
12.265625,0.6787654551724562,0.5244436266785049
12.2734375,0.6373464107634501,1.4063870355724566
12.28125,-0.8360299771105938,-6.926646402799195
12.2890625,-3.702250774287615,-12.777964521603721
12.296875,-1.5193522630548268,2.82908922224349
12.3046875,4.09338451625267,15.092227162889719
12.3125,2.698141423120246,-1.2458364525983718
12.3203125,-1.9801056060420352,-6.962001807645795
12.328125,2.8224973214417255,21.13196382504101
12.3359375,9.346431091564408,28.22607652937729
12.34375,3.733191492948108,-1.6443223992590248
12.3515625,-3.310522300068206,-8.277883661329817
12.359375,0.10488929810568415,12.076999637202581
12.3671875,3.1230839108038193,9.87370946123109
12.375,-0.32126359880568467,-2.5258929449016243
12.3828125,-0.6108837031851939,6.141316075518171
12.390625,3.0890102837144138,16.910350292584898
12.3984375,4.962200452062035,19.74023673255172
12.40625,5.844718406667006,22.383200883749858
12.4140625,3.7709818132220927,9.857778176723238
12.421875,-2.8420239490458536,-9.718568675005526
12.4296875,-5.37985433927554,-5.629749886261778
12.4375,-1.8897641591818943,5.532558664467096
12.4453125,-0.6495110183017272,2.83374820501521
12.453125,-0.04343416328699279,8.78159471181522
12.4609375,2.9762453514438367,15.815134716373702
12.46875,0.11345448839340744,-4.2896759403925495
12.4765625,-6.135252886897838,-15.232334766420708
12.484375,-2.078532161658989,12.51072536169012
12.4921875,5.99552602663177,25.962419288007794
12.5,2.416275059368362,-1.6373688854466275
12.5078125,-6.395631160235065,-20.99292967802918
12.515625,-7.471078122200192,-12.543392970731988
12.5234375,-3.3582002761778003,-0.0344732308298501
12.53125,1.948326045234988,16.571216262817615
12.5390625,8.00640907658567,31.077710550150336
12.546875,7.018713340380554,13.631620208845145
12.5546875,-2.7306845054315154,-16.459533919979382
12.5625,-6.625301857753955,-9.034370828761752
12.5703125,0.49213670723737923,17.082780073044884
12.578125,3.9580041248384843,11.753267803575138
12.5859375,-0.5697294061455551,-3.2439780709523554
12.59375,-0.30479956717592005,10.513244183443843
12.6015625,4.379101824194795,19.879674946878023
12.609375,1.5183972167992559,-0.13315591528859283
12.6171875,-3.566707389525284,-6.206229050407741
12.625,-1.1219271494916643,7.693475164508294
12.6328125,-1.1678554612314942,-6.431704751668531
12.640625,-8.398274751871272,-28.17966047907176
12.6484375,-7.858219453963816,-9.616658978157597
12.65625,-0.4582382725310291,5.317640348884026
12.6640625,-2.795804127541184,-18.514814774935555
12.671875,-7.256860816070342,-18.442915692963723
12.6796875,1.2272908630499484,19.49630822340046
12.6875,8.550054320964637,21.532141149613487
12.6953125,1.3282962453498879,-12.298106659665475
12.703125,-5.542044782348968,-16.718384111602944
12.7109375,-1.6053678038037233,4.60658957935117
12.71875,3.670230579634807,13.432485888176775
12.7265625,4.378138331883026,10.627072444560564
12.734375,2.960854794129336,6.765399164854042
12.7421875,2.473006928252844,10.066527074528212
12.75,4.860177458646353,19.59026609963496
12.7578125,4.015805848919111,6.337490606403397
12.765625,-4.883440505866468,-24.266124096697894
12.7734375,-9.582293040839946,-20.930194355123863
12.78125,-2.5744751312350163,7.07871393623763
12.7890625,3.183848317721149,11.314807596785926
12.796875,2.627599141589295,7.150230738330253
12.8046875,3.198102387398716,11.806410438391696
12.8125,1.4106809748764702,-1.2268781706874752
12.8203125,-3.8331448352033135,-12.667024586246777
12.828125,-1.5377531172983057,7.546022258128504
12.8359375,4.6946812111925755,19.261385993517813
12.84375,3.6416784119020713,7.4180989613891715
12.8515625,1.825263845806845,9.604970115991618
12.859375,2.645916407813244,9.378761531104002
12.8671875,-2.318806491861929,-12.92718287472553
12.875,-6.476507436905672,-13.173840926800231
12.8828125,-1.9372187521963604,5.080306355698652
12.890625,-0.5963112378164501,-4.867364905438878
12.8984375,-4.787581554164287,-15.338486497307171
12.90625,-2.903143449904906,-0.552787143707457
12.9140625,0.14000042338427632,-0.17401011813413358
12.921875,-1.8419807911066077,-7.774996512957299
12.9296875,-0.27389823353238185,4.283882308469257
12.9375,1.1164546079054767,-2.1993286229353677
12.9453125,-4.899842935861241,-23.035079947112386
12.953125,-4.0874632075234265,-1.105117140673432
12.9609375,5.659664751212121,23.42728834676503
12.96875,3.7775030874606115,-5.288424994626737
12.9765625,-6.144472518476055,-26.79956067635466
12.984375,-5.622909572254323,-10.626988109068812
12.9921875,-3.544663014569932,-17.67630408159928
13.0,-9.50052777788898,-39.85392971349185
13.0078125,-9.63824227266522,-24.909892818878795
13.015625,-1.792290918848468,-4.1274014282623455
13.0234375,0.06965278635123884,-13.138177101892026
13.03125,-3.403417457297024,-23.067403739487844
13.0390625,-3.573323549682351,-17.434024096487097
13.046875,-0.6130286031221193,-8.009193063503831
13.0546875,1.7026629951507237,-5.785919420492931
13.0625,-0.4311125615349072,-18.734813571491497
13.0703125,-3.1975286813314048,-18.133704838270823
13.078125,4.521480786873585,19.992635134733206
13.0859375,14.332507798228125,33.59466523666595
13.09375,6.385691168043351,-13.352925226671443
13.1015625,-7.491820523042578,-36.78784488444085
13.109375,-3.877272451911717,-1.4484123431058524
13.1171875,5.89823981303777,15.404797173689541
13.125,4.904790576296264,0.7080026107628452
13.1328125,3.1882069672221487,5.923139409553983
13.140625,5.91845489026324,14.120723377967469
13.1484375,4.381567085109064,3.6252215148178584
13.15625,2.4676456721015763,5.874890744562605
13.1640625,4.316320326476472,11.676766022796627
13.171875,1.201399585827195,-7.075840579102117
13.1796875,-4.694793927838433,-18.147953844122803
13.1875,-3.961363032646099,-8.278198930261656
13.1953125,-3.2854090491648984,-15.932723544189674
13.203125,-7.623056583259174,-29.890832211766536
13.2109375,-5.7160130391617,-9.964485656591966
13.21875,3.9872662546410673,18.251530659238718
13.2265625,8.20631829607705,16.20410544421013
13.234375,4.736962465472722,3.6169271775303233
13.2421875,2.578955195389219,4.751424531306732
13.25,3.105754287381843,7.34277349975186
13.2578125,2.154255033730518,2.3785757296198202
13.265625,0.6787654551710638,0.5244436266735892
13.2734375,0.6373464107636408,1.406387035573256
13.28125,-0.836029977109647,-6.926646402797535
13.2890625,-3.7022507742870716,-12.777964521602708
13.296875,-1.5193522630560197,2.8290892222420556
13.3046875,4.093384516253146,15.092227162891426
13.3125,2.6981414231202825,-1.2458364525994776
13.3203125,-1.980105606041843,-6.962001807645802
13.328125,2.8224973214409377,21.131963825039843
13.3359375,9.346431091563888,28.22607652937446
13.34375,3.7331914929488326,-1.6443223992568523
13.3515625,-3.310522300067602,-8.277883661329135
13.359375,0.10488929810611158,12.076999637204432
13.3671875,3.123083910804065,9.873709461232245
13.375,-0.32126359880657174,-2.5258929449055483
13.3828125,-0.6108837031852099,6.141316075518318
13.390625,3.089010283715164,16.910350292588163
13.3984375,4.962200452062675,19.740236732553175
13.40625,5.8447184066665905,22.38320088374821
13.4140625,3.770981813221897,9.857778176722226
13.421875,-2.842023949044983,-9.718568675002707
13.4296875,-5.37985433927491,-5.629749886259657
13.4375,-1.8897641591817513,5.532558664470129
13.4453125,-0.6495110183012379,2.833748205017633
13.453125,-0.043434163287388916,8.781594711813185
13.4609375,2.9762453514440645,15.815134716374837
13.46875,0.11345448839342254,-4.289675940391279
13.4765625,-6.135252886897806,-15.2323347664203
13.484375,-2.078532161659263,12.510725361690954
13.4921875,5.995526026630801,25.96241928800791
13.5,2.416275059369151,-1.6373688854449968
13.5078125,-6.395631160235123,-20.992929678029412
13.515625,-7.471078122199575,-12.543392970730148
13.5234375,-3.3582002761786223,-0.03447323083154652
13.53125,1.9483260452342401,16.571216262814396
13.5390625,8.006409076585436,31.077710550146815
13.546875,7.018713340380843,13.631620208848162
13.5546875,-2.730684505431218,-16.459533919978515
13.5625,-6.625301857753314,-9.034370828757979
13.5703125,0.49213670723677616,17.082780073045136
13.578125,3.9580041248381743,11.75326780357651
13.5859375,-0.5697294061456528,-3.2439780709532275
13.59375,-0.304799567176135,10.513244183444947
13.6015625,4.379101824193771,19.87967494687654
13.609375,1.5183972167993518,-0.13315591528954407
13.6171875,-3.566707389525244,-6.206229050409236
13.625,-1.1219271494921181,7.693475164505621
13.6328125,-1.1678554612307035,-6.4317047516640065
13.640625,-8.398274751870812,-28.179660479070638
13.6484375,-7.858219453964526,-9.61665897815958
13.65625,-0.4582382725310996,5.317640348881567
13.6640625,-2.7958041275414547,-18.514814774934504
13.671875,-7.256860816070358,-18.44291569296381
13.6796875,1.2272908630512491,19.496308223404682
13.6875,8.550054320964163,21.53214114961513
13.6953125,1.3282962453506717,-12.298106659663837
13.703125,-5.542044782348414,-16.718384111602013
13.7109375,-1.6053678038039632,4.606589579351805
13.71875,3.6702305796346186,13.432485888178908
13.7265625,4.378138331882864,10.627072444560572
13.734375,2.9608547941288403,6.765399164851733
13.7421875,2.4730069282524987,10.066527074529382
13.75,4.8601774586455075,19.590266099634235
13.7578125,4.015805848919003,6.337490606403924
13.765625,-4.883440505866545,-24.266124096696874
13.7734375,-9.582293040839646,-20.93019435512626
13.78125,-2.5744751312358076,7.07871393623344
13.7890625,3.1838483177209542,11.31480759678307
13.796875,2.627599141588978,7.150230738328711
13.8046875,3.198102387399419,11.806410438393858
13.8125,1.4106809748756257,-1.2268781706941794
13.8203125,-3.833144835203453,-12.667024586249612
13.828125,-1.5377531172974546,7.5460222581326635
13.8359375,4.694681211193926,19.261385993521458
13.84375,3.64167841190243,7.418098961391747
13.8515625,1.8252638458070418,9.604970115990263
13.859375,2.6459164078138877,9.378761531106264
13.8671875,-2.318806491861716,-12.927182874725744
13.875,-6.476507436905593,-13.173840926800434
13.8828125,-1.9372187521960216,5.0803063557006585
13.890625,-0.5963112378163036,-4.867364905438721
13.8984375,-4.787581554164717,-15.338486497310289
13.90625,-2.903143449904285,-0.5527871437030099
13.9140625,0.14000042338394136,-0.17401011813594014
13.921875,-1.8419807911059172,-7.774996512954122
13.9296875,-0.2738982335322335,4.283882308469206
13.9375,1.1164546079051705,-2.199328622938176
13.9453125,-4.899842935862283,-23.03507994711618
13.953125,-4.087463207524082,-1.1051171406768656
13.9609375,5.659664751212736,23.427288346765156
13.96875,3.777503087460776,-5.288424994625199
13.9765625,-6.144472518475824,-26.799560676355163
13.984375,-5.622909572254682,-10.626988109070261
13.9921875,-3.544663014570311,-17.676304081601003
14.0,-9.50052777788834,-39.85392971349047
14.0078125,-9.638242272665273,-24.909892818875498
14.015625,-1.792290918849301,-4.127401428263903
14.0234375,0.06965278635096128,-13.138177101895726
14.03125,-3.403417457297089,-23.06740373948997
14.0390625,-3.573323549682362,-17.434024096486
14.046875,-0.61302860312232,-8.009193063503993
14.0546875,1.702662995150463,-5.785919420492462
14.0625,-0.43111256153497857,-18.734813571492555
14.0703125,-3.197528681330162,-18.133704838268496
14.078125,4.521480786874525,19.99263513473474
14.0859375,14.33250779822772,33.594665236665506
14.09375,6.385691168043041,-13.352925226672541
14.1015625,-7.491820523042357,-36.78784488444083
14.109375,-3.877272451911291,-1.4484123431053
14.1171875,5.898239813038455,15.404797173692073
14.125,4.904790576298005,0.7080026107664441
14.1328125,3.188206967223082,5.923139409557125
14.140625,5.918454890262563,14.120723377964971
14.1484375,4.381567085109561,3.6252215148191893
14.15625,2.467645672101596,5.8748907445630785
14.1640625,4.316320326476955,11.676766022797054
14.171875,1.2013995858261284,-7.075840579104785
14.1796875,-4.694793927838305,-18.147953844120487
14.1875,-3.961363032646499,-8.278198930263647
14.1953125,-3.2854090491652883,-15.932723544189347
14.203125,-7.623056583258466,-29.890832211766096
14.2109375,-5.716013039162377,-9.964485656593398
14.21875,3.987266254640971,18.251530659238362
14.2265625,8.206318296076809,16.20410544420848
14.234375,4.736962465473693,3.6169271775326397
14.2421875,2.578955195389174,4.751424531305804
14.25,3.1057542873812785,7.342773499751629
14.2578125,2.1542550337306863,2.3785757296209082
14.265625,0.678765455172563,0.5244436266763093
14.2734375,0.6373464107640139,1.4063870355733998
14.28125,-0.8360299771101561,-6.926646402798241
14.2890625,-3.7022507742872603,-12.777964521604781
14.296875,-1.5193522630553022,2.829089222242926
14.3046875,4.093384516253369,15.092227162890117
14.3125,2.6981414231203824,-1.2458364525985401
14.3203125,-1.9801056060413198,-6.962001807643501
14.328125,2.8224973214414595,21.13196382503988
14.3359375,9.346431091564035,28.2260765293779
14.34375,3.733191492949765,-1.6443223992527862
14.3515625,-3.3105223000682553,-8.277883661331149
14.359375,0.10488929810579073,12.076999637203276
14.3671875,3.1230839108032753,9.873709461229765
14.375,-0.32126359880583233,-2.525892944904241
14.3828125,-0.6108837031857957,6.1413160755169205
14.390625,3.0890102837142965,16.91035029258526
14.3984375,4.962200452061747,19.74023673255097
14.40625,5.8447184066670355,22.38320088374993
14.4140625,3.770981813220752,9.857778176717499
14.421875,-2.8420239490454677,-9.718568675001595
14.4296875,-5.37985433927455,-5.629749886256537
14.4375,-1.889764159181363,5.532558664469388
14.4453125,-0.6495110183005521,2.8337482050174074
14.453125,-0.043434163287501715,8.781594711813984
14.4609375,2.976245351444226,15.815134716374711
14.46875,0.11345448839381511,-4.28967594039036
14.4765625,-6.135252886897582,-15.232334766418147
14.484375,-2.078532161659085,12.510725361690723
14.4921875,5.995526026630813,25.962419288006892
14.5,2.4162750593686892,-1.637368885446385
14.5078125,-6.395631160235245,-20.99292967802791
14.515625,-7.471078122200273,-12.543392970732372
14.5234375,-3.358200276178267,-0.03447323083070586
14.53125,1.9483260452332551,16.571216262812218
14.5390625,8.00640907658505,31.07771055014758
14.546875,7.018713340382045,13.63162020884886
14.5546875,-2.7306845054322424,-16.45953391997945
14.5625,-6.625301857753447,-9.034370828761215
14.5703125,0.4921367072370333,17.082780073043697
14.578125,3.9580041248380757,11.753267803573692
14.5859375,-0.5697294061446547,-3.2439780709501136
14.59375,-0.3047995671760759,10.51324418344496
14.6015625,4.379101824194437,19.879674946878055
14.609375,1.518397216799639,-0.1331559152882793
14.6171875,-3.5667073895258783,-6.2062290504116895
14.625,-1.1219271494922705,7.693475164506326
14.6328125,-1.1678554612301864,-6.431704751662154
14.640625,-8.398274751872012,-28.179660479073554
14.6484375,-7.858219453963615,-9.616658978158066
14.65625,-0.45823827253140825,5.3176403488806585
14.6640625,-2.795804127540901,-18.51481477493556
14.671875,-7.256860816070477,-18.442915692964252
14.6796875,1.227290863050472,19.496308223402973
14.6875,8.550054320965032,21.53214114961723
14.6953125,1.3282962453499083,-12.29810665966489
14.703125,-5.542044782349199,-16.718384111605594
14.7109375,-1.6053678038046613,4.606589579348461
14.71875,3.670230579634153,13.432485888175236
14.7265625,4.378138331883299,10.627072444561804
14.734375,2.9608547941287786,6.765399164852208
14.7421875,2.4730069282518015,10.066527074525585
14.75,4.860177458645903,19.590266099633805
14.7578125,4.015805848918632,6.337490606401328
14.765625,-4.883440505867281,-24.266124096697503
14.7734375,-9.58229304084044,-20.930194355127725
14.78125,-2.5744751312353826,7.078713936235168
14.7890625,3.183848317721354,11.314807596783535
14.796875,2.627599141589105,7.1502307383299275
14.8046875,3.198102387399328,11.806410438392735
14.8125,1.4106809748758327,-1.2268781706936305
14.8203125,-3.833144835204366,-12.667024586251667
14.828125,-1.5377531172969912,7.54602225813358
14.8359375,4.694681211194602,19.261385993524794
14.84375,3.641678411902241,7.418098961390248
14.8515625,1.8252638458063815,9.60497011598846
14.859375,2.64591640781366,9.378761531105049
14.8671875,-2.318806491861518,-12.927182874723698
14.875,-6.476507436906088,-13.17384092680151
14.8828125,-1.9372187521974866,5.08030635569825
14.890625,-0.5963112378161721,-4.867364905437976
14.8984375,-4.787581554164842,-15.338486497310877
14.90625,-2.903143449905769,-0.5527871437086542
14.9140625,0.14000042338418495,-0.17401011813533085
14.921875,-1.8419807911059176,-7.774996512954892
14.9296875,-0.2738982335328406,4.283882308466051
14.9375,1.1164546079061504,-2.19932862293794
14.9453125,-4.899842935861971,-23.035079947116074
14.953125,-4.087463207524097,-1.1051171406760965
14.9609375,5.659664751211725,23.427288346764698
14.96875,3.777503087461711,-5.288424994621948
14.9765625,-6.144472518475444,-26.7995606763553
14.984375,-5.622909572254464,-10.62698810906964
14.9921875,-3.544663014570004,-17.67630408160001
15.0,-9.500527777888705,-39.85392971348843
15.0078125,-9.638242272664764,-24.909892818873892
15.015625,-1.7922909188492602,-4.127401428264351
15.0234375,0.06965278635170624,-13.138177101890374
15.03125,-3.4034174572977145,-23.067403739493855
15.0390625,-3.573323549682999,-17.43402409648663
15.046875,-0.6130286031218128,-8.009193063501373
15.0546875,1.7026629951510093,-5.785919420491727
15.0625,-0.43111256153467636,-18.734813571492673
15.0703125,-3.19752868133107,-18.133704838272298
15.078125,4.521480786874566,19.99263513473336
15.0859375,14.332507798228054,33.59466523666631
15.09375,6.385691168043362,-13.352925226669154
15.1015625,-7.491820523042145,-36.78784488443797
15.109375,-3.8772724519109407,-1.4484123431040512
15.1171875,5.8982398130385905,15.40479717368795
15.125,4.9047905762973585,0.7080026107658597
15.1328125,3.1882069672227757,5.92313940955825
15.140625,5.918454890262303,14.120723377968439
15.1484375,4.3815670851091,3.6252215148195606
15.15625,2.4676456721016007,5.874890744562712
15.1640625,4.31632032647714,11.676766022798745
15.171875,1.2013995858268756,-7.075840579102271
15.1796875,-4.694793927839035,-18.14795384412086
15.1875,-3.961363032646924,-8.278198930264868
15.1953125,-3.285409049164978,-15.932723544190235
15.203125,-7.62305658325862,-29.890832211767453
15.2109375,-5.716013039162029,-9.96448565659164
15.21875,3.9872662546416464,18.251530659240146
15.2265625,8.20631829607671,16.204105444208466
15.234375,4.736962465473954,3.6169271775354606
15.2421875,2.5789551953892964,4.751424531305391
15.25,3.1057542873819144,7.342773499752355
15.2578125,2.1542550337303306,2.3785757296193815
15.265625,0.6787654551716389,0.5244436266748291
15.2734375,0.637346410763965,1.4063870355751984
15.28125,-0.8360299771097855,-6.92664640279588
15.2890625,-3.702250774287693,-12.777964521606288
15.296875,-1.519352263055402,2.8290892222413024
15.3046875,4.093384516252543,15.092227162888754
15.3125,2.6981414231205347,-1.2458364525985104
15.3203125,-1.9801056060426259,-6.96200180764518
15.328125,2.822497321440398,21.13196382503786
15.3359375,9.346431091563986,28.226076529376044
15.34375,3.7331914929485497,-1.6443223992573657
15.3515625,-3.310522300067009,-8.277883661327959
15.359375,0.10488929810625192,12.076999637204397
15.3671875,3.123083910804408,9.873709461233988
15.375,-0.3212635988051469,-2.5258929449007166
15.3828125,-0.6108837031854644,6.141316075517681
15.390625,3.089010283714649,16.910350292584972
15.3984375,4.962200452063016,19.740236732553072
15.40625,5.844718406666978,22.38320088375013
15.4140625,3.7709818132218618,9.857778176724985
15.421875,-2.842023949045561,-9.718568675001217
15.4296875,-5.379854339275134,-5.629749886260544
15.4375,-1.8897641591818086,5.532558664467434
15.4453125,-0.6495110183015346,2.8337482050160308
15.453125,-0.043434163287795036,8.781594711813105
15.4609375,2.976245351442893,15.815134716372055
15.46875,0.11345448839250238,-4.289675940395007
15.4765625,-6.1352528868971365,-15.232334766420973
15.484375,-2.0785321616586736,12.510725361690918
15.4921875,5.995526026630631,25.96241928800385
15.5,2.416275059367597,-1.6373688854472404
15.5078125,-6.395631160234762,-20.992929678027405
15.515625,-7.4710781221998595,-12.543392970732096
15.5234375,-3.358200276177728,-0.03447323083116238
15.53125,1.94832604523293,16.57121626280837
15.5390625,8.006409076586175,31.077710550151465
15.546875,7.018713340381614,13.631620208849485
15.5546875,-2.730684505431358,-16.459533919978032
15.5625,-6.6253018577533425,-9.03437082875989
15.5703125,0.49213670723754666,17.082780073043878
15.578125,3.958004124838861,11.75326780357657
15.5859375,-0.5697294061458216,-3.243978070952412
15.59375,-0.3047995671755892,10.513244183447458
15.6015625,4.379101824193535,19.879674946872232
15.609375,1.5183972167995599,-0.13315591529147497
15.6171875,-3.56670738952629,-6.206229050414593
15.625,-1.1219271494918677,7.693475164509036
15.6328125,-1.1678554612305987,-6.431704751663246
15.640625,-8.398274751871677,-28.17966047907166
15.6484375,-7.858219453964125,-9.616658978159418
15.65625,-0.45823827253099136,5.3176403488812225
15.6640625,-2.795804127542271,-18.51481477493941
15.671875,-7.256860816070898,-18.442915692965002
15.6796875,1.2272908630497716,19.496308223402117
15.6875,8.550054320964406,21.532141149615942
15.6953125,1.3282962453498,-12.298106659665095
15.703125,-5.5420447823489445,-16.71838411160663
15.7109375,-1.6053678038040218,4.606589579349101
15.71875,3.670230579634135,13.432485888177235
15.7265625,4.378138331883102,10.627072444561232
15.734375,2.96085479412869,6.765399164853019
15.7421875,2.4730069282518006,10.066527074524748
15.75,4.860177458645019,19.590266099629275
15.7578125,4.015805848919505,6.3374906064020955
15.765625,-4.883440505865479,-24.266124096692764
15.7734375,-9.582293040839923,-20.930194355123117
15.78125,-2.574475131235662,7.0787139362363085
15.7890625,3.1838483177213797,11.314807596783861
15.796875,2.6275991415895317,7.150230738327156
15.8046875,3.1981023873995404,11.806410438392463
15.8125,1.4106809748760984,-1.2268781706884975
15.8203125,-3.8331448352041004,-12.667024586248221
15.828125,-1.537753117297751,7.546022258133966
15.8359375,4.694681211194342,19.26138599352319
15.84375,3.64167841190265,7.418098961390097
15.8515625,1.8252638458064347,9.604970115987872
15.859375,2.6459164078125044,9.378761531103045
15.8671875,-2.318806491861512,-12.92718287472285
15.875,-6.476507436906288,-13.173840926802047
15.8828125,-1.9372187521962365,5.080306355698898
15.890625,-0.5963112378160997,-4.867364905437275
15.8984375,-4.787581554164284,-15.338486497309358
15.90625,-2.903143449905594,-0.5527871437078353
15.9140625,0.14000042338413632,-0.17401011813083045
15.921875,-1.8419807911062365,-7.774996512954408
15.9296875,-0.27389823353225085,4.283882308469684
15.9375,1.1164546079055964,-2.199328622939568
15.9453125,-4.899842935862473,-23.035079947117403
15.953125,-4.087463207523452,-1.105117140673551
15.9609375,5.659664751212588,23.42728834676607
15.96875,3.777503087460502,-5.288424994624076
15.9765625,-6.144472518476423,-26.79956067635844
15.984375,-5.6229095722539855,-10.626988109069714
15.9921875,-3.5446630145699443,-17.67630408159971
